PRODUCTNAME,MONTH_ID,TERRITORY,QUANTITYORDERED
18th_Century_Vintage_Horse_Carriage,1,EMEA,MEDIUM
18th_Century_Vintage_Horse_Carriage,1,NA,LOW
18th_Century_Vintage_Horse_Carriage,1,NA,MEDIUM
18th_Century_Vintage_Horse_Carriage,2,NA,MEDIUM
18th_Century_Vintage_Horse_Carriage,3,EMEA,MEDIUM
18th_Century_Vintage_Horse_Carriage,3,NA,MEDIUM
18th_Century_Vintage_Horse_Carriage,3,NA,MEDIUM
18th_Century_Vintage_Horse_Carriage,4,EMEA,MEDIUM
18th_Century_Vintage_Horse_Carriage,5,EMEA,LOW
18th_Century_Vintage_Horse_Carriage,5,EMEA,MEDIUM
18th_Century_Vintage_Horse_Carriage,6,NA,MEDIUM
18th_Century_Vintage_Horse_Carriage,7,APAC,LOW
18th_Century_Vintage_Horse_Carriage,7,APAC,MEDIUM
18th_Century_Vintage_Horse_Carriage,8,EMEA,MEDIUM
18th_Century_Vintage_Horse_Carriage,9,Japan,MEDIUM
18th_Century_Vintage_Horse_Carriage,10,NA,MEDIUM
18th_Century_Vintage_Horse_Carriage,10,NA,MEDIUM
18th_Century_Vintage_Horse_Carriage,11,APAC,LOW
18th_Century_Vintage_Horse_Carriage,11,APAC,MEDIUM
18th_Century_Vintage_Horse_Carriage,11,EMEA,MEDIUM
18th_Century_Vintage_Horse_Carriage,11,EMEA,MEDIUM
18th_Century_Vintage_Horse_Carriage,11,NA,LOW
18th_Century_Vintage_Horse_Carriage,11,NA,MEDIUM
18th_Century_Vintage_Horse_Carriage,12,NA,MEDIUM
18th_Century_Vintage_Horse_Carriage,12,NA,MEDIUM
18th_century_schooner,1,EMEA,MEDIUM
18th_century_schooner,1,Japan,MEDIUM
18th_century_schooner,2,EMEA,MEDIUM
18th_century_schooner,2,NA,MEDIUM
18th_century_schooner,3,EMEA,MEDIUM
18th_century_schooner,3,NA,MEDIUM
18th_century_schooner,4,Japan,MEDIUM
18th_century_schooner,5,NA,LOW
18th_century_schooner,5,NA,MEDIUM
18th_century_schooner,6,EMEA,MEDIUM
18th_century_schooner,7,EMEA,LOW
18th_century_schooner,8,NA,MEDIUM
18th_century_schooner,8,NA,MEDIUM
18th_century_schooner,9,EMEA,LOW
18th_century_schooner,9,EMEA,MEDIUM
18th_century_schooner,10,EMEA,MEDIUM
18th_century_schooner,10,EMEA,MEDIUM
18th_century_schooner,11,EMEA,MEDIUM
18th_century_schooner,11,NA,MEDIUM
18th_century_schooner,11,NA,MEDIUM
18th_century_schooner,12,EMEA,MEDIUM
1900s_Vintage_Bi_Plane,1,EMEA,MEDIUM
1900s_Vintage_Bi_Plane,1,NA,MEDIUM
1900s_Vintage_Bi_Plane,2,EMEA,MEDIUM
1900s_Vintage_Bi_Plane,2,NA,MEDIUM
1900s_Vintage_Bi_Plane,3,EMEA,MEDIUM
1900s_Vintage_Bi_Plane,3,EMEA,MEDIUM
1900s_Vintage_Bi_Plane,4,EMEA,MEDIUM
1900s_Vintage_Bi_Plane,4,NA,LOW
1900s_Vintage_Bi_Plane,5,APAC,LOW
1900s_Vintage_Bi_Plane,5,NA,LOW
1900s_Vintage_Bi_Plane,6,EMEA,LOW
1900s_Vintage_Bi_Plane,6,NA,MEDIUM
1900s_Vintage_Bi_Plane,7,NA,MEDIUM
1900s_Vintage_Bi_Plane,8,EMEA,MEDIUM
1900s_Vintage_Bi_Plane,8,NA,MEDIUM
1900s_Vintage_Bi_Plane,9,EMEA,LOW
1900s_Vintage_Bi_Plane,10,EMEA,LOW
1900s_Vintage_Bi_Plane,10,NA,MEDIUM
1900s_Vintage_Bi_Plane,11,EMEA,LOW
1900s_Vintage_Bi_Plane,11,EMEA,MEDIUM
1900s_Vintage_Bi_Plane,11,EMEA,MEDIUM
1900s_Vintage_Bi_Plane,11,Japan,MEDIUM
1900s_Vintage_Bi_Plane,11,Japan,HIGH
1900s_Vintage_Bi_Plane,12,EMEA,MEDIUM
1900s_Vintage_Tri_Plane,1,Japan,MEDIUM
1900s_Vintage_Tri_Plane,2,APAC,LOW
1900s_Vintage_Tri_Plane,2,EMEA,MEDIUM
1900s_Vintage_Tri_Plane,2,EMEA,MEDIUM
1900s_Vintage_Tri_Plane,3,EMEA,MEDIUM
1900s_Vintage_Tri_Plane,3,EMEA,MEDIUM
1900s_Vintage_Tri_Plane,4,APAC,MEDIUM
1900s_Vintage_Tri_Plane,4,NA,MEDIUM
1900s_Vintage_Tri_Plane,4,NA,HIGH
1900s_Vintage_Tri_Plane,5,EMEA,MEDIUM
1900s_Vintage_Tri_Plane,5,NA,MEDIUM
1900s_Vintage_Tri_Plane,6,EMEA,MEDIUM
1900s_Vintage_Tri_Plane,6,NA,LOW
1900s_Vintage_Tri_Plane,7,EMEA,MEDIUM
1900s_Vintage_Tri_Plane,8,EMEA,LOW
1900s_Vintage_Tri_Plane,8,NA,MEDIUM
1900s_Vintage_Tri_Plane,9,EMEA,LOW
1900s_Vintage_Tri_Plane,10,NA,MEDIUM
1900s_Vintage_Tri_Plane,10,NA,MEDIUM
1900s_Vintage_Tri_Plane,11,EMEA,MEDIUM
1900s_Vintage_Tri_Plane,11,NA,MEDIUM
1900s_Vintage_Tri_Plane,12,APAC,MEDIUM
1900s_Vintage_Tri_Plane,12,NA,MEDIUM
1903_Ford_Model_A,1,EMEA,LOW
1903_Ford_Model_A,1,Japan,MEDIUM
1903_Ford_Model_A,2,EMEA,LOW
1903_Ford_Model_A,2,EMEA,MEDIUM
1903_Ford_Model_A,3,EMEA,LOW
1903_Ford_Model_A,3,NA,MEDIUM
1903_Ford_Model_A,4,Japan,MEDIUM
1903_Ford_Model_A,5,NA,MEDIUM
1903_Ford_Model_A,5,NA,MEDIUM
1903_Ford_Model_A,6,EMEA,MEDIUM
1903_Ford_Model_A,7,EMEA,MEDIUM
1903_Ford_Model_A,8,NA,MEDIUM
1903_Ford_Model_A,8,NA,MEDIUM
1903_Ford_Model_A,9,EMEA,LOW
1903_Ford_Model_A,9,EMEA,MEDIUM
1903_Ford_Model_A,10,EMEA,LOW
1903_Ford_Model_A,10,EMEA,MEDIUM
1903_Ford_Model_A,10,NA,MEDIUM
1903_Ford_Model_A,11,EMEA,LOW
1903_Ford_Model_A,11,EMEA,LOW
1903_Ford_Model_A,11,EMEA,MEDIUM
1903_Ford_Model_A,11,NA,MEDIUM
1903_Ford_Model_A,11,NA,MEDIUM
1903_Ford_Model_A,12,EMEA,MEDIUM
1904_Buick_Runabout,1,EMEA,MEDIUM
1904_Buick_Runabout,1,Japan,MEDIUM
1904_Buick_Runabout,2,EMEA,MEDIUM
1904_Buick_Runabout,2,EMEA,MEDIUM
1904_Buick_Runabout,3,EMEA,LOW
1904_Buick_Runabout,3,NA,MEDIUM
1904_Buick_Runabout,4,Japan,LOW
1904_Buick_Runabout,5,NA,LOW
1904_Buick_Runabout,5,NA,MEDIUM
1904_Buick_Runabout,6,EMEA,MEDIUM
1904_Buick_Runabout,7,EMEA,MEDIUM
1904_Buick_Runabout,8,NA,LOW
1904_Buick_Runabout,8,NA,MEDIUM
1904_Buick_Runabout,9,EMEA,LOW
1904_Buick_Runabout,9,EMEA,MEDIUM
1904_Buick_Runabout,10,EMEA,MEDIUM
1904_Buick_Runabout,10,EMEA,MEDIUM
1904_Buick_Runabout,10,NA,MEDIUM
1904_Buick_Runabout,11,EMEA,MEDIUM
1904_Buick_Runabout,11,NA,MEDIUM
1904_Buick_Runabout,11,NA,MEDIUM
1904_Buick_Runabout,12,EMEA,MEDIUM
1911_Ford_Town_Car,1,EMEA,LOW
1911_Ford_Town_Car,1,NA,MEDIUM
1911_Ford_Town_Car,1,NA,MEDIUM
1911_Ford_Town_Car,2,EMEA,MEDIUM
1911_Ford_Town_Car,3,EMEA,MEDIUM
1911_Ford_Town_Car,3,EMEA,MEDIUM
1911_Ford_Town_Car,4,NA,MEDIUM
1911_Ford_Town_Car,5,APAC,MEDIUM
1911_Ford_Town_Car,5,NA,MEDIUM
1911_Ford_Town_Car,8,EMEA,MEDIUM
1911_Ford_Town_Car,9,APAC,MEDIUM
1911_Ford_Town_Car,9,NA,LOW
1911_Ford_Town_Car,10,EMEA,MEDIUM
1911_Ford_Town_Car,10,NA,MEDIUM
1911_Ford_Town_Car,10,NA,MEDIUM
1911_Ford_Town_Car,11,APAC,MEDIUM
1911_Ford_Town_Car,11,EMEA,MEDIUM
1911_Ford_Town_Car,11,EMEA,MEDIUM
1911_Ford_Town_Car,11,EMEA,MEDIUM
1911_Ford_Town_Car,11,NA,MEDIUM
1911_Ford_Town_Car,12,NA,LOW
1912_Ford_Model_T_Delivery_Wagon,1,EMEA,LOW
1912_Ford_Model_T_Delivery_Wagon,1,EMEA,MEDIUM
1912_Ford_Model_T_Delivery_Wagon,2,NA,MEDIUM
1912_Ford_Model_T_Delivery_Wagon,2,NA,MEDIUM
1912_Ford_Model_T_Delivery_Wagon,3,NA,MEDIUM
1912_Ford_Model_T_Delivery_Wagon,3,NA,MEDIUM
1912_Ford_Model_T_Delivery_Wagon,4,EMEA,MEDIUM
1912_Ford_Model_T_Delivery_Wagon,5,NA,MEDIUM
1912_Ford_Model_T_Delivery_Wagon,5,NA,HIGH
1912_Ford_Model_T_Delivery_Wagon,6,EMEA,MEDIUM
1912_Ford_Model_T_Delivery_Wagon,7,EMEA,MEDIUM
1912_Ford_Model_T_Delivery_Wagon,8,NA,MEDIUM
1912_Ford_Model_T_Delivery_Wagon,8,NA,MEDIUM
1912_Ford_Model_T_Delivery_Wagon,9,NA,MEDIUM
1912_Ford_Model_T_Delivery_Wagon,10,EMEA,LOW
1912_Ford_Model_T_Delivery_Wagon,10,EMEA,MEDIUM
1912_Ford_Model_T_Delivery_Wagon,10,NA,MEDIUM
1912_Ford_Model_T_Delivery_Wagon,11,EMEA,MEDIUM
1912_Ford_Model_T_Delivery_Wagon,11,Japan,HIGH
1912_Ford_Model_T_Delivery_Wagon,11,NA,MEDIUM
1912_Ford_Model_T_Delivery_Wagon,12,EMEA,MEDIUM
1913_Ford_Model_T_Speedster,1,EMEA,MEDIUM
1913_Ford_Model_T_Speedster,1,NA,MEDIUM
1913_Ford_Model_T_Speedster,1,NA,MEDIUM
1913_Ford_Model_T_Speedster,2,NA,MEDIUM
1913_Ford_Model_T_Speedster,3,APAC,MEDIUM
1913_Ford_Model_T_Speedster,3,NA,LOW
1913_Ford_Model_T_Speedster,4,EMEA,MEDIUM
1913_Ford_Model_T_Speedster,5,EMEA,LOW
1913_Ford_Model_T_Speedster,5,EMEA,MEDIUM
1913_Ford_Model_T_Speedster,6,NA,MEDIUM
1913_Ford_Model_T_Speedster,7,APAC,MEDIUM
1913_Ford_Model_T_Speedster,7,APAC,MEDIUM
1913_Ford_Model_T_Speedster,8,EMEA,MEDIUM
1913_Ford_Model_T_Speedster,9,Japan,MEDIUM
1913_Ford_Model_T_Speedster,10,NA,MEDIUM
1913_Ford_Model_T_Speedster,10,NA,MEDIUM
1913_Ford_Model_T_Speedster,11,APAC,MEDIUM
1913_Ford_Model_T_Speedster,11,APAC,MEDIUM
1913_Ford_Model_T_Speedster,11,APAC,MEDIUM
1913_Ford_Model_T_Speedster,11,NA,MEDIUM
1913_Ford_Model_T_Speedster,11,NA,MEDIUM
1913_Ford_Model_T_Speedster,11,NA,MEDIUM
1913_Ford_Model_T_Speedster,12,NA,MEDIUM
1913_Ford_Model_T_Speedster,12,NA,MEDIUM
1917_Grand_Touring_Sedan,1,EMEA,MEDIUM
1917_Grand_Touring_Sedan,1,NA,MEDIUM
1917_Grand_Touring_Sedan,1,NA,MEDIUM
1917_Grand_Touring_Sedan,2,EMEA,MEDIUM
1917_Grand_Touring_Sedan,3,EMEA,MEDIUM
1917_Grand_Touring_Sedan,3,EMEA,MEDIUM
1917_Grand_Touring_Sedan,4,NA,HIGH
1917_Grand_Touring_Sedan,5,APAC,MEDIUM
1917_Grand_Touring_Sedan,5,NA,LOW
1917_Grand_Touring_Sedan,8,EMEA,MEDIUM
1917_Grand_Touring_Sedan,9,APAC,MEDIUM
1917_Grand_Touring_Sedan,9,NA,MEDIUM
1917_Grand_Touring_Sedan,10,EMEA,MEDIUM
1917_Grand_Touring_Sedan,10,NA,MEDIUM
1917_Grand_Touring_Sedan,10,NA,MEDIUM
1917_Grand_Touring_Sedan,11,APAC,LOW
1917_Grand_Touring_Sedan,11,EMEA,LOW
1917_Grand_Touring_Sedan,11,EMEA,MEDIUM
1917_Grand_Touring_Sedan,11,NA,MEDIUM
1917_Grand_Touring_Sedan,12,NA,MEDIUM
1917_Maxwell_Touring_Car,1,EMEA,MEDIUM
1917_Maxwell_Touring_Car,1,NA,MEDIUM
1917_Maxwell_Touring_Car,1,NA,MEDIUM
1917_Maxwell_Touring_Car,2,NA,MEDIUM
1917_Maxwell_Touring_Car,3,EMEA,MEDIUM
1917_Maxwell_Touring_Car,3,EMEA,MEDIUM
1917_Maxwell_Touring_Car,3,NA,MEDIUM
1917_Maxwell_Touring_Car,4,EMEA,MEDIUM
1917_Maxwell_Touring_Car,5,EMEA,LOW
1917_Maxwell_Touring_Car,5,EMEA,MEDIUM
1917_Maxwell_Touring_Car,6,NA,MEDIUM
1917_Maxwell_Touring_Car,7,APAC,MEDIUM
1917_Maxwell_Touring_Car,8,EMEA,MEDIUM
1917_Maxwell_Touring_Car,9,NA,MEDIUM
1917_Maxwell_Touring_Car,9,NA,MEDIUM
1917_Maxwell_Touring_Car,10,NA,MEDIUM
1917_Maxwell_Touring_Car,10,NA,MEDIUM
1917_Maxwell_Touring_Car,11,APAC,MEDIUM
1917_Maxwell_Touring_Car,11,APAC,MEDIUM
1917_Maxwell_Touring_Car,11,EMEA,MEDIUM
1917_Maxwell_Touring_Car,11,EMEA,MEDIUM
1917_Maxwell_Touring_Car,11,NA,MEDIUM
1917_Maxwell_Touring_Car,11,NA,MEDIUM
1917_Maxwell_Touring_Car,12,NA,MEDIUM
1917_Maxwell_Touring_Car,12,NA,MEDIUM
1926_Ford_Fire_Engine,1,APAC,LOW
1926_Ford_Fire_Engine,1,EMEA,LOW
1926_Ford_Fire_Engine,2,APAC,MEDIUM
1926_Ford_Fire_Engine,2,NA,MEDIUM
1926_Ford_Fire_Engine,3,APAC,MEDIUM
1926_Ford_Fire_Engine,3,NA,MEDIUM
1926_Ford_Fire_Engine,4,EMEA,MEDIUM
1926_Ford_Fire_Engine,5,EMEA,LOW
1926_Ford_Fire_Engine,5,EMEA,MEDIUM
1926_Ford_Fire_Engine,5,EMEA,MEDIUM
1926_Ford_Fire_Engine,5,EMEA,MEDIUM
1926_Ford_Fire_Engine,6,APAC,MEDIUM
1926_Ford_Fire_Engine,7,NA,MEDIUM
1926_Ford_Fire_Engine,7,NA,MEDIUM
1926_Ford_Fire_Engine,8,NA,MEDIUM
1926_Ford_Fire_Engine,9,EMEA,MEDIUM
1926_Ford_Fire_Engine,10,Japan,MEDIUM
1926_Ford_Fire_Engine,10,NA,MEDIUM
1926_Ford_Fire_Engine,10,NA,MEDIUM
1926_Ford_Fire_Engine,11,APAC,MEDIUM
1926_Ford_Fire_Engine,11,EMEA,MEDIUM
1926_Ford_Fire_Engine,11,EMEA,MEDIUM
1926_Ford_Fire_Engine,11,EMEA,MEDIUM
1926_Ford_Fire_Engine,11,NA,MEDIUM
1926_Ford_Fire_Engine,12,NA,MEDIUM
1926_Ford_Fire_Engine,12,NA,MEDIUM
1928_British_Royal_Navy_Airplane,1,Japan,MEDIUM
1928_British_Royal_Navy_Airplane,2,APAC,MEDIUM
1928_British_Royal_Navy_Airplane,2,APAC,MEDIUM
1928_British_Royal_Navy_Airplane,2,EMEA,MEDIUM
1928_British_Royal_Navy_Airplane,3,EMEA,MEDIUM
1928_British_Royal_Navy_Airplane,3,EMEA,MEDIUM
1928_British_Royal_Navy_Airplane,4,APAC,MEDIUM
1928_British_Royal_Navy_Airplane,4,NA,LOW
1928_British_Royal_Navy_Airplane,4,NA,MEDIUM
1928_British_Royal_Navy_Airplane,5,EMEA,MEDIUM
1928_British_Royal_Navy_Airplane,5,NA,MEDIUM
1928_British_Royal_Navy_Airplane,6,EMEA,MEDIUM
1928_British_Royal_Navy_Airplane,6,EMEA,MEDIUM
1928_British_Royal_Navy_Airplane,7,EMEA,MEDIUM
1928_British_Royal_Navy_Airplane,8,EMEA,LOW
1928_British_Royal_Navy_Airplane,8,NA,MEDIUM
1928_British_Royal_Navy_Airplane,9,EMEA,MEDIUM
1928_British_Royal_Navy_Airplane,10,NA,MEDIUM
1928_British_Royal_Navy_Airplane,10,NA,MEDIUM
1928_British_Royal_Navy_Airplane,11,EMEA,MEDIUM
1928_British_Royal_Navy_Airplane,11,EMEA,MEDIUM
1928_British_Royal_Navy_Airplane,11,Japan,LOW
1928_British_Royal_Navy_Airplane,12,NA,MEDIUM
1928_Ford_Phaeton_Deluxe,1,Japan,MEDIUM
1928_Ford_Phaeton_Deluxe,2,APAC,LOW
1928_Ford_Phaeton_Deluxe,2,EMEA,MEDIUM
1928_Ford_Phaeton_Deluxe,2,EMEA,MEDIUM
1928_Ford_Phaeton_Deluxe,3,EMEA,LOW
1928_Ford_Phaeton_Deluxe,3,NA,MEDIUM
1928_Ford_Phaeton_Deluxe,4,APAC,MEDIUM
1928_Ford_Phaeton_Deluxe,4,NA,MEDIUM
1928_Ford_Phaeton_Deluxe,4,NA,HIGH
1928_Ford_Phaeton_Deluxe,5,EMEA,MEDIUM
1928_Ford_Phaeton_Deluxe,5,NA,MEDIUM
1928_Ford_Phaeton_Deluxe,6,EMEA,MEDIUM
1928_Ford_Phaeton_Deluxe,6,EMEA,MEDIUM
1928_Ford_Phaeton_Deluxe,7,EMEA,MEDIUM
1928_Ford_Phaeton_Deluxe,8,EMEA,LOW
1928_Ford_Phaeton_Deluxe,8,EMEA,MEDIUM
1928_Ford_Phaeton_Deluxe,9,EMEA,MEDIUM
1928_Ford_Phaeton_Deluxe,10,NA,MEDIUM
1928_Ford_Phaeton_Deluxe,10,NA,MEDIUM
1928_Ford_Phaeton_Deluxe,11,EMEA,LOW
1928_Ford_Phaeton_Deluxe,12,APAC,MEDIUM
1928_Ford_Phaeton_Deluxe,12,NA,MEDIUM
1928_Mercedes_Benz_SSK,1,EMEA,MEDIUM
1928_Mercedes_Benz_SSK,1,EMEA,MEDIUM
1928_Mercedes_Benz_SSK,1,NA,MEDIUM
1928_Mercedes_Benz_SSK,2,EMEA,LOW
1928_Mercedes_Benz_SSK,3,EMEA,MEDIUM
1928_Mercedes_Benz_SSK,3,EMEA,MEDIUM
1928_Mercedes_Benz_SSK,3,NA,MEDIUM
1928_Mercedes_Benz_SSK,4,EMEA,MEDIUM
1928_Mercedes_Benz_SSK,5,APAC,MEDIUM
1928_Mercedes_Benz_SSK,5,NA,MEDIUM
1928_Mercedes_Benz_SSK,7,APAC,MEDIUM
1928_Mercedes_Benz_SSK,8,EMEA,LOW
1928_Mercedes_Benz_SSK,9,EMEA,MEDIUM
1928_Mercedes_Benz_SSK,9,NA,LOW
1928_Mercedes_Benz_SSK,10,NA,MEDIUM
1928_Mercedes_Benz_SSK,10,NA,MEDIUM
1928_Mercedes_Benz_SSK,11,APAC,LOW
1928_Mercedes_Benz_SSK,11,APAC,LOW
1928_Mercedes_Benz_SSK,11,EMEA,LOW
1928_Mercedes_Benz_SSK,11,EMEA,LOW
1928_Mercedes_Benz_SSK,11,NA,LOW
1928_Mercedes_Benz_SSK,11,NA,MEDIUM
1928_Mercedes_Benz_SSK,12,EMEA,MEDIUM
1928_Mercedes_Benz_SSK,12,EMEA,MEDIUM
1930_Buick_Marquette_Phaeton,1,Japan,MEDIUM
1930_Buick_Marquette_Phaeton,2,APAC,MEDIUM
1930_Buick_Marquette_Phaeton,2,EMEA,MEDIUM
1930_Buick_Marquette_Phaeton,2,EMEA,MEDIUM
1930_Buick_Marquette_Phaeton,3,EMEA,MEDIUM
1930_Buick_Marquette_Phaeton,3,NA,MEDIUM
1930_Buick_Marquette_Phaeton,4,APAC,MEDIUM
1930_Buick_Marquette_Phaeton,4,NA,MEDIUM
1930_Buick_Marquette_Phaeton,4,NA,HIGH
1930_Buick_Marquette_Phaeton,5,EMEA,MEDIUM
1930_Buick_Marquette_Phaeton,5,NA,MEDIUM
1930_Buick_Marquette_Phaeton,6,EMEA,MEDIUM
1930_Buick_Marquette_Phaeton,6,EMEA,MEDIUM
1930_Buick_Marquette_Phaeton,7,EMEA,MEDIUM
1930_Buick_Marquette_Phaeton,8,EMEA,MEDIUM
1930_Buick_Marquette_Phaeton,8,NA,MEDIUM
1930_Buick_Marquette_Phaeton,9,EMEA,MEDIUM
1930_Buick_Marquette_Phaeton,10,EMEA,LOW
1930_Buick_Marquette_Phaeton,10,NA,MEDIUM
1930_Buick_Marquette_Phaeton,10,NA,MEDIUM
1930_Buick_Marquette_Phaeton,11,EMEA,MEDIUM
1930_Buick_Marquette_Phaeton,12,APAC,MEDIUM
1930_Buick_Marquette_Phaeton,12,NA,MEDIUM
1930_Buick_Marquette_Phaeton,12,NA,MEDIUM
1932_Alfa_Romeo_8C2300_Spider_Sport,1,EMEA,MEDIUM
1932_Alfa_Romeo_8C2300_Spider_Sport,1,NA,LOW
1932_Alfa_Romeo_8C2300_Spider_Sport,1,NA,MEDIUM
1932_Alfa_Romeo_8C2300_Spider_Sport,2,EMEA,MEDIUM
1932_Alfa_Romeo_8C2300_Spider_Sport,3,EMEA,MEDIUM
1932_Alfa_Romeo_8C2300_Spider_Sport,3,EMEA,MEDIUM
1932_Alfa_Romeo_8C2300_Spider_Sport,4,NA,LOW
1932_Alfa_Romeo_8C2300_Spider_Sport,5,APAC,HIGH
1932_Alfa_Romeo_8C2300_Spider_Sport,5,NA,MEDIUM
1932_Alfa_Romeo_8C2300_Spider_Sport,8,EMEA,MEDIUM
1932_Alfa_Romeo_8C2300_Spider_Sport,9,APAC,MEDIUM
1932_Alfa_Romeo_8C2300_Spider_Sport,9,APAC,MEDIUM
1932_Alfa_Romeo_8C2300_Spider_Sport,10,EMEA,MEDIUM
1932_Alfa_Romeo_8C2300_Spider_Sport,10,EMEA,MEDIUM
1932_Alfa_Romeo_8C2300_Spider_Sport,10,NA,MEDIUM
1932_Alfa_Romeo_8C2300_Spider_Sport,11,APAC,LOW
1932_Alfa_Romeo_8C2300_Spider_Sport,11,EMEA,LOW
1932_Alfa_Romeo_8C2300_Spider_Sport,11,EMEA,MEDIUM
1932_Alfa_Romeo_8C2300_Spider_Sport,11,NA,MEDIUM
1932_Alfa_Romeo_8C2300_Spider_Sport,12,NA,MEDIUM
1932_Model_A_Ford_J_Coupe,1,EMEA,MEDIUM
1932_Model_A_Ford_J_Coupe,1,EMEA,MEDIUM
1932_Model_A_Ford_J_Coupe,1,NA,MEDIUM
1932_Model_A_Ford_J_Coupe,2,EMEA,MEDIUM
1932_Model_A_Ford_J_Coupe,3,EMEA,MEDIUM
1932_Model_A_Ford_J_Coupe,3,EMEA,MEDIUM
1932_Model_A_Ford_J_Coupe,3,NA,MEDIUM
1932_Model_A_Ford_J_Coupe,4,APAC,LOW
1932_Model_A_Ford_J_Coupe,4,NA,MEDIUM
1932_Model_A_Ford_J_Coupe,5,APAC,MEDIUM
1932_Model_A_Ford_J_Coupe,5,NA,MEDIUM
1932_Model_A_Ford_J_Coupe,8,EMEA,MEDIUM
1932_Model_A_Ford_J_Coupe,9,APAC,MEDIUM
1932_Model_A_Ford_J_Coupe,9,NA,MEDIUM
1932_Model_A_Ford_J_Coupe,10,NA,MEDIUM
1932_Model_A_Ford_J_Coupe,10,NA,MEDIUM
1932_Model_A_Ford_J_Coupe,11,APAC,MEDIUM
1932_Model_A_Ford_J_Coupe,11,EMEA,MEDIUM
1932_Model_A_Ford_J_Coupe,11,EMEA,MEDIUM
1932_Model_A_Ford_J_Coupe,11,EMEA,MEDIUM
1932_Model_A_Ford_J_Coupe,11,NA,LOW
1932_Model_A_Ford_J_Coupe,11,NA,MEDIUM
1932_Model_A_Ford_J_Coupe,12,EMEA,MEDIUM
1932_Model_A_Ford_J_Coupe,12,NA,MEDIUM
1934_Ford_V8_Coupe,1,EMEA,MEDIUM
1934_Ford_V8_Coupe,1,NA,MEDIUM
1934_Ford_V8_Coupe,1,NA,MEDIUM
1934_Ford_V8_Coupe,2,NA,MEDIUM
1934_Ford_V8_Coupe,3,EMEA,MEDIUM
1934_Ford_V8_Coupe,3,NA,MEDIUM
1934_Ford_V8_Coupe,3,NA,MEDIUM
1934_Ford_V8_Coupe,4,EMEA,LOW
1934_Ford_V8_Coupe,5,EMEA,MEDIUM
1934_Ford_V8_Coupe,5,EMEA,MEDIUM
1934_Ford_V8_Coupe,6,NA,MEDIUM
1934_Ford_V8_Coupe,7,APAC,LOW
1934_Ford_V8_Coupe,7,EMEA,MEDIUM
1934_Ford_V8_Coupe,8,EMEA,MEDIUM
1934_Ford_V8_Coupe,9,Japan,MEDIUM
1934_Ford_V8_Coupe,10,NA,MEDIUM
1934_Ford_V8_Coupe,10,NA,MEDIUM
1934_Ford_V8_Coupe,11,APAC,LOW
1934_Ford_V8_Coupe,11,APAC,MEDIUM
1934_Ford_V8_Coupe,11,EMEA,MEDIUM
1934_Ford_V8_Coupe,11,EMEA,MEDIUM
1934_Ford_V8_Coupe,11,NA,MEDIUM
1934_Ford_V8_Coupe,11,NA,MEDIUM
1934_Ford_V8_Coupe,12,NA,MEDIUM
1934_Ford_V8_Coupe,12,NA,MEDIUM
1936_Chrysler_Airflow,1,EMEA,MEDIUM
1936_Chrysler_Airflow,1,NA,MEDIUM
1936_Chrysler_Airflow,1,NA,MEDIUM
1936_Chrysler_Airflow,2,NA,MEDIUM
1936_Chrysler_Airflow,3,NA,MEDIUM
1936_Chrysler_Airflow,3,NA,MEDIUM
1936_Chrysler_Airflow,4,EMEA,MEDIUM
1936_Chrysler_Airflow,5,EMEA,MEDIUM
1936_Chrysler_Airflow,5,EMEA,MEDIUM
1936_Chrysler_Airflow,6,NA,MEDIUM
1936_Chrysler_Airflow,7,APAC,MEDIUM
1936_Chrysler_Airflow,7,EMEA,MEDIUM
1936_Chrysler_Airflow,8,EMEA,LOW
1936_Chrysler_Airflow,9,NA,LOW
1936_Chrysler_Airflow,9,NA,MEDIUM
1936_Chrysler_Airflow,10,NA,MEDIUM
1936_Chrysler_Airflow,10,NA,MEDIUM
1936_Chrysler_Airflow,11,APAC,LOW
1936_Chrysler_Airflow,11,EMEA,LOW
1936_Chrysler_Airflow,11,EMEA,MEDIUM
1936_Chrysler_Airflow,11,NA,MEDIUM
1936_Chrysler_Airflow,11,NA,MEDIUM
1936_Chrysler_Airflow,11,NA,MEDIUM
1936_Chrysler_Airflow,12,EMEA,MEDIUM
1936_Chrysler_Airflow,12,NA,MEDIUM
1936_Harley_Davidson_El_Knucklehead,1,Japan,MEDIUM
1936_Harley_Davidson_El_Knucklehead,1,NA,LOW
1936_Harley_Davidson_El_Knucklehead,2,APAC,LOW
1936_Harley_Davidson_El_Knucklehead,2,APAC,MEDIUM
1936_Harley_Davidson_El_Knucklehead,2,NA,MEDIUM
1936_Harley_Davidson_El_Knucklehead,4,APAC,MEDIUM
1936_Harley_Davidson_El_Knucklehead,4,EMEA,HIGH
1936_Harley_Davidson_El_Knucklehead,4,NA,LOW
1936_Harley_Davidson_El_Knucklehead,5,EMEA,MEDIUM
1936_Harley_Davidson_El_Knucklehead,5,NA,MEDIUM
1936_Harley_Davidson_El_Knucklehead,6,NA,MEDIUM
1936_Harley_Davidson_El_Knucklehead,7,EMEA,MEDIUM
1936_Harley_Davidson_El_Knucklehead,7,EMEA,MEDIUM
1936_Harley_Davidson_El_Knucklehead,8,NA,LOW
1936_Harley_Davidson_El_Knucklehead,8,NA,MEDIUM
1936_Harley_Davidson_El_Knucklehead,9,EMEA,MEDIUM
1936_Harley_Davidson_El_Knucklehead,10,NA,MEDIUM
1936_Harley_Davidson_El_Knucklehead,10,NA,MEDIUM
1936_Harley_Davidson_El_Knucklehead,10,NA,MEDIUM
1936_Harley_Davidson_El_Knucklehead,11,EMEA,MEDIUM
1936_Harley_Davidson_El_Knucklehead,11,Japan,MEDIUM
1936_Harley_Davidson_El_Knucklehead,11,NA,MEDIUM
1936_Harley_Davidson_El_Knucklehead,11,NA,MEDIUM
1936_Harley_Davidson_El_Knucklehead,12,NA,MEDIUM
1936_Mercedes_Benz_500k_Roadster,1,EMEA,MEDIUM
1936_Mercedes_Benz_500k_Roadster,1,NA,MEDIUM
1936_Mercedes_Benz_500k_Roadster,1,NA,MEDIUM
1936_Mercedes_Benz_500k_Roadster,2,EMEA,MEDIUM
1936_Mercedes_Benz_500k_Roadster,3,EMEA,MEDIUM
1936_Mercedes_Benz_500k_Roadster,3,EMEA,MEDIUM
1936_Mercedes_Benz_500k_Roadster,4,Japan,LOW
1936_Mercedes_Benz_500k_Roadster,4,NA,MEDIUM
1936_Mercedes_Benz_500k_Roadster,5,APAC,LOW
1936_Mercedes_Benz_500k_Roadster,5,NA,MEDIUM
1936_Mercedes_Benz_500k_Roadster,8,EMEA,MEDIUM
1936_Mercedes_Benz_500k_Roadster,9,APAC,MEDIUM
1936_Mercedes_Benz_500k_Roadster,9,NA,MEDIUM
1936_Mercedes_Benz_500k_Roadster,10,EMEA,LOW
1936_Mercedes_Benz_500k_Roadster,10,NA,MEDIUM
1936_Mercedes_Benz_500k_Roadster,10,NA,MEDIUM
1936_Mercedes_Benz_500k_Roadster,11,APAC,LOW
1936_Mercedes_Benz_500k_Roadster,11,EMEA,MEDIUM
1936_Mercedes_Benz_500k_Roadster,11,EMEA,MEDIUM
1936_Mercedes_Benz_500k_Roadster,11,NA,LOW
1936_Mercedes_Benz_500k_Roadster,11,NA,LOW
1936_Mercedes_Benz_500k_Roadster,12,NA,MEDIUM
1936_Mercedes_Benz_500K_Special_Roadster,1,NA,MEDIUM
1936_Mercedes_Benz_500K_Special_Roadster,1,NA,MEDIUM
1936_Mercedes_Benz_500K_Special_Roadster,1,NA,MEDIUM
1936_Mercedes_Benz_500K_Special_Roadster,2,NA,MEDIUM
1936_Mercedes_Benz_500K_Special_Roadster,3,APAC,MEDIUM
1936_Mercedes_Benz_500K_Special_Roadster,3,EMEA,MEDIUM
1936_Mercedes_Benz_500K_Special_Roadster,3,NA,MEDIUM
1936_Mercedes_Benz_500K_Special_Roadster,4,EMEA,LOW
1936_Mercedes_Benz_500K_Special_Roadster,5,EMEA,MEDIUM
1936_Mercedes_Benz_500K_Special_Roadster,5,NA,MEDIUM
1936_Mercedes_Benz_500K_Special_Roadster,7,APAC,MEDIUM
1936_Mercedes_Benz_500K_Special_Roadster,8,EMEA,MEDIUM
1936_Mercedes_Benz_500K_Special_Roadster,9,EMEA,LOW
1936_Mercedes_Benz_500K_Special_Roadster,9,NA,MEDIUM
1936_Mercedes_Benz_500K_Special_Roadster,10,NA,MEDIUM
1936_Mercedes_Benz_500K_Special_Roadster,10,NA,MEDIUM
1936_Mercedes_Benz_500K_Special_Roadster,11,APAC,LOW
1936_Mercedes_Benz_500K_Special_Roadster,11,APAC,MEDIUM
1936_Mercedes_Benz_500K_Special_Roadster,11,EMEA,MEDIUM
1936_Mercedes_Benz_500K_Special_Roadster,11,EMEA,MEDIUM
1936_Mercedes_Benz_500K_Special_Roadster,11,NA,MEDIUM
1936_Mercedes_Benz_500K_Special_Roadster,11,NA,MEDIUM
1936_Mercedes_Benz_500K_Special_Roadster,12,EMEA,LOW
1936_Mercedes_Benz_500K_Special_Roadster,12,EMEA,MEDIUM
1937_Horch_930V_Limousine,1,EMEA,MEDIUM
1937_Horch_930V_Limousine,1,NA,MEDIUM
1937_Horch_930V_Limousine,2,EMEA,MEDIUM
1937_Horch_930V_Limousine,2,NA,MEDIUM
1937_Horch_930V_Limousine,3,EMEA,MEDIUM
1937_Horch_930V_Limousine,3,EMEA,MEDIUM
1937_Horch_930V_Limousine,4,EMEA,LOW
1937_Horch_930V_Limousine,4,NA,MEDIUM
1937_Horch_930V_Limousine,5,APAC,LOW
1937_Horch_930V_Limousine,5,NA,MEDIUM
1937_Horch_930V_Limousine,6,EMEA,MEDIUM
1937_Horch_930V_Limousine,6,NA,MEDIUM
1937_Horch_930V_Limousine,7,NA,LOW
1937_Horch_930V_Limousine,8,EMEA,MEDIUM
1937_Horch_930V_Limousine,8,NA,MEDIUM
1937_Horch_930V_Limousine,9,EMEA,MEDIUM
1937_Horch_930V_Limousine,10,EMEA,MEDIUM
1937_Horch_930V_Limousine,10,NA,LOW
1937_Horch_930V_Limousine,11,EMEA,LOW
1937_Horch_930V_Limousine,11,EMEA,LOW
1937_Horch_930V_Limousine,11,EMEA,MEDIUM
1937_Horch_930V_Limousine,11,EMEA,MEDIUM
1937_Horch_930V_Limousine,11,Japan,MEDIUM
1937_Horch_930V_Limousine,11,Japan,MEDIUM
1937_Horch_930V_Limousine,12,APAC,MEDIUM
1937_Horch_930V_Limousine,12,EMEA,MEDIUM
1937_Lincoln_Berline,1,NA,MEDIUM
1937_Lincoln_Berline,1,NA,MEDIUM
1937_Lincoln_Berline,1,NA,MEDIUM
1937_Lincoln_Berline,2,EMEA,MEDIUM
1937_Lincoln_Berline,3,APAC,MEDIUM
1937_Lincoln_Berline,3,EMEA,MEDIUM
1937_Lincoln_Berline,3,NA,MEDIUM
1937_Lincoln_Berline,4,EMEA,MEDIUM
1937_Lincoln_Berline,5,APAC,MEDIUM
1937_Lincoln_Berline,5,NA,HIGH
1937_Lincoln_Berline,7,APAC,MEDIUM
1937_Lincoln_Berline,8,EMEA,MEDIUM
1937_Lincoln_Berline,9,EMEA,MEDIUM
1937_Lincoln_Berline,9,NA,MEDIUM
1937_Lincoln_Berline,10,NA,MEDIUM
1937_Lincoln_Berline,10,NA,MEDIUM
1937_Lincoln_Berline,11,APAC,MEDIUM
1937_Lincoln_Berline,11,EMEA,MEDIUM
1937_Lincoln_Berline,11,EMEA,MEDIUM
1937_Lincoln_Berline,11,NA,MEDIUM
1937_Lincoln_Berline,11,NA,MEDIUM
1937_Lincoln_Berline,11,NA,MEDIUM
1937_Lincoln_Berline,12,EMEA,MEDIUM
1937_Lincoln_Berline,12,EMEA,MEDIUM
1938_Cadillac_V_16_Presidential_Limousine,1,EMEA,MEDIUM
1938_Cadillac_V_16_Presidential_Limousine,1,EMEA,MEDIUM
1938_Cadillac_V_16_Presidential_Limousine,1,NA,MEDIUM
1938_Cadillac_V_16_Presidential_Limousine,2,EMEA,MEDIUM
1938_Cadillac_V_16_Presidential_Limousine,3,APAC,LOW
1938_Cadillac_V_16_Presidential_Limousine,3,EMEA,LOW
1938_Cadillac_V_16_Presidential_Limousine,3,EMEA,MEDIUM
1938_Cadillac_V_16_Presidential_Limousine,4,EMEA,MEDIUM
1938_Cadillac_V_16_Presidential_Limousine,5,NA,LOW
1938_Cadillac_V_16_Presidential_Limousine,5,NA,MEDIUM
1938_Cadillac_V_16_Presidential_Limousine,8,EMEA,MEDIUM
1938_Cadillac_V_16_Presidential_Limousine,9,EMEA,MEDIUM
1938_Cadillac_V_16_Presidential_Limousine,9,NA,MEDIUM
1938_Cadillac_V_16_Presidential_Limousine,10,NA,LOW
1938_Cadillac_V_16_Presidential_Limousine,10,NA,MEDIUM
1938_Cadillac_V_16_Presidential_Limousine,11,APAC,LOW
1938_Cadillac_V_16_Presidential_Limousine,11,EMEA,MEDIUM
1938_Cadillac_V_16_Presidential_Limousine,11,EMEA,MEDIUM
1938_Cadillac_V_16_Presidential_Limousine,11,EMEA,MEDIUM
1938_Cadillac_V_16_Presidential_Limousine,11,NA,MEDIUM
1938_Cadillac_V_16_Presidential_Limousine,11,NA,MEDIUM
1938_Cadillac_V_16_Presidential_Limousine,12,EMEA,LOW
1938_Cadillac_V_16_Presidential_Limousine,12,EMEA,MEDIUM
1939_Cadillac_Limousine,1,APAC,LOW
1939_Cadillac_Limousine,1,EMEA,MEDIUM
1939_Cadillac_Limousine,1,NA,MEDIUM
1939_Cadillac_Limousine,2,NA,MEDIUM
1939_Cadillac_Limousine,3,NA,MEDIUM
1939_Cadillac_Limousine,3,NA,MEDIUM
1939_Cadillac_Limousine,5,EMEA,MEDIUM
1939_Cadillac_Limousine,5,EMEA,MEDIUM
1939_Cadillac_Limousine,5,NA,MEDIUM
1939_Cadillac_Limousine,6,Japan,LOW
1939_Cadillac_Limousine,7,APAC,MEDIUM
1939_Cadillac_Limousine,7,NA,MEDIUM
1939_Cadillac_Limousine,8,NA,MEDIUM
1939_Cadillac_Limousine,9,Japan,MEDIUM
1939_Cadillac_Limousine,10,EMEA,MEDIUM
1939_Cadillac_Limousine,10,NA,MEDIUM
1939_Cadillac_Limousine,11,APAC,MEDIUM
1939_Cadillac_Limousine,11,EMEA,MEDIUM
1939_Cadillac_Limousine,11,EMEA,MEDIUM
1939_Cadillac_Limousine,11,NA,LOW
1939_Cadillac_Limousine,11,NA,MEDIUM
1939_Cadillac_Limousine,11,NA,MEDIUM
1939_Cadillac_Limousine,12,EMEA,MEDIUM
1939_Cadillac_Limousine,12,NA,LOW
1939_Chevrolet_Deluxe_Coupe,1,EMEA,LOW
1939_Chevrolet_Deluxe_Coupe,1,EMEA,MEDIUM
1939_Chevrolet_Deluxe_Coupe,1,NA,LOW
1939_Chevrolet_Deluxe_Coupe,2,EMEA,MEDIUM
1939_Chevrolet_Deluxe_Coupe,3,APAC,MEDIUM
1939_Chevrolet_Deluxe_Coupe,3,EMEA,LOW
1939_Chevrolet_Deluxe_Coupe,3,EMEA,MEDIUM
1939_Chevrolet_Deluxe_Coupe,4,APAC,HIGH
1939_Chevrolet_Deluxe_Coupe,4,NA,MEDIUM
1939_Chevrolet_Deluxe_Coupe,5,APAC,MEDIUM
1939_Chevrolet_Deluxe_Coupe,5,NA,MEDIUM
1939_Chevrolet_Deluxe_Coupe,8,EMEA,LOW
1939_Chevrolet_Deluxe_Coupe,9,APAC,MEDIUM
1939_Chevrolet_Deluxe_Coupe,9,NA,MEDIUM
1939_Chevrolet_Deluxe_Coupe,10,NA,MEDIUM
1939_Chevrolet_Deluxe_Coupe,10,NA,MEDIUM
1939_Chevrolet_Deluxe_Coupe,11,APAC,MEDIUM
1939_Chevrolet_Deluxe_Coupe,11,EMEA,LOW
1939_Chevrolet_Deluxe_Coupe,11,EMEA,MEDIUM
1939_Chevrolet_Deluxe_Coupe,11,EMEA,MEDIUM
1939_Chevrolet_Deluxe_Coupe,11,NA,LOW
1939_Chevrolet_Deluxe_Coupe,11,NA,MEDIUM
1939_Chevrolet_Deluxe_Coupe,12,EMEA,MEDIUM
1939_Chevrolet_Deluxe_Coupe,12,EMEA,MEDIUM
1940_Ford_Delivery_Sedan,1,EMEA,LOW
1940_Ford_Delivery_Sedan,1,NA,LOW
1940_Ford_Delivery_Sedan,2,NA,MEDIUM
1940_Ford_Delivery_Sedan,2,NA,MEDIUM
1940_Ford_Delivery_Sedan,3,NA,MEDIUM
1940_Ford_Delivery_Sedan,4,EMEA,MEDIUM
1940_Ford_Delivery_Sedan,4,NA,MEDIUM
1940_Ford_Delivery_Sedan,5,NA,LOW
1940_Ford_Delivery_Sedan,5,NA,HIGH
1940_Ford_Delivery_Sedan,6,EMEA,MEDIUM
1940_Ford_Delivery_Sedan,6,EMEA,MEDIUM
1940_Ford_Delivery_Sedan,7,EMEA,MEDIUM
1940_Ford_Delivery_Sedan,8,NA,LOW
1940_Ford_Delivery_Sedan,8,NA,MEDIUM
1940_Ford_Delivery_Sedan,9,EMEA,LOW
1940_Ford_Delivery_Sedan,10,EMEA,MEDIUM
1940_Ford_Delivery_Sedan,10,NA,LOW
1940_Ford_Delivery_Sedan,11,EMEA,LOW
1940_Ford_Delivery_Sedan,11,EMEA,MEDIUM
1940_Ford_Delivery_Sedan,11,EMEA,MEDIUM
1940_Ford_Delivery_Sedan,11,Japan,MEDIUM
1940_Ford_Delivery_Sedan,12,EMEA,MEDIUM
1940_Ford_Pickup_Truck,1,APAC,MEDIUM
1940_Ford_Pickup_Truck,1,EMEA,MEDIUM
1940_Ford_Pickup_Truck,1,NA,MEDIUM
1940_Ford_Pickup_Truck,2,NA,MEDIUM
1940_Ford_Pickup_Truck,3,APAC,MEDIUM
1940_Ford_Pickup_Truck,3,NA,MEDIUM
1940_Ford_Pickup_Truck,3,NA,MEDIUM
1940_Ford_Pickup_Truck,5,EMEA,MEDIUM
1940_Ford_Pickup_Truck,5,EMEA,HIGH
1940_Ford_Pickup_Truck,5,NA,MEDIUM
1940_Ford_Pickup_Truck,6,Japan,MEDIUM
1940_Ford_Pickup_Truck,7,APAC,MEDIUM
1940_Ford_Pickup_Truck,7,NA,MEDIUM
1940_Ford_Pickup_Truck,8,EMEA,LOW
1940_Ford_Pickup_Truck,9,Japan,MEDIUM
1940_Ford_Pickup_Truck,10,EMEA,MEDIUM
1940_Ford_Pickup_Truck,10,NA,MEDIUM
1940_Ford_Pickup_Truck,11,APAC,MEDIUM
1940_Ford_Pickup_Truck,11,APAC,MEDIUM
1940_Ford_Pickup_Truck,11,EMEA,LOW
1940_Ford_Pickup_Truck,11,NA,LOW
1940_Ford_Pickup_Truck,11,NA,LOW
1940_Ford_Pickup_Truck,11,NA,MEDIUM
1940_Ford_Pickup_Truck,12,NA,MEDIUM
1940_Ford_Pickup_Truck,12,NA,MEDIUM
1940s_Ford_truck,1,APAC,MEDIUM
1940s_Ford_truck,1,EMEA,MEDIUM
1940s_Ford_truck,2,APAC,MEDIUM
1940s_Ford_truck,2,NA,MEDIUM
1940s_Ford_truck,3,NA,MEDIUM
1940s_Ford_truck,4,EMEA,MEDIUM
1940s_Ford_truck,5,EMEA,MEDIUM
1940s_Ford_truck,5,EMEA,MEDIUM
1940s_Ford_truck,5,NA,LOW
1940s_Ford_truck,6,APAC,MEDIUM
1940s_Ford_truck,7,APAC,MEDIUM
1940s_Ford_truck,7,NA,MEDIUM
1940s_Ford_truck,8,NA,MEDIUM
1940s_Ford_truck,9,Japan,MEDIUM
1940s_Ford_truck,10,EMEA,MEDIUM
1940s_Ford_truck,10,NA,LOW
1940s_Ford_truck,10,NA,MEDIUM
1940s_Ford_truck,11,APAC,MEDIUM
1940s_Ford_truck,11,EMEA,MEDIUM
1940s_Ford_truck,11,EMEA,MEDIUM
1940s_Ford_truck,11,NA,LOW
1940s_Ford_truck,12,NA,MEDIUM
1940s_Ford_truck,12,NA,MEDIUM
1941_Chevrolet_Special_Deluxe_Cabriolet,1,EMEA,MEDIUM
1941_Chevrolet_Special_Deluxe_Cabriolet,1,NA,LOW
1941_Chevrolet_Special_Deluxe_Cabriolet,2,EMEA,MEDIUM
1941_Chevrolet_Special_Deluxe_Cabriolet,2,NA,MEDIUM
1941_Chevrolet_Special_Deluxe_Cabriolet,3,EMEA,LOW
1941_Chevrolet_Special_Deluxe_Cabriolet,3,EMEA,MEDIUM
1941_Chevrolet_Special_Deluxe_Cabriolet,4,EMEA,MEDIUM
1941_Chevrolet_Special_Deluxe_Cabriolet,4,NA,HIGH
1941_Chevrolet_Special_Deluxe_Cabriolet,5,APAC,HIGH
1941_Chevrolet_Special_Deluxe_Cabriolet,5,NA,MEDIUM
1941_Chevrolet_Special_Deluxe_Cabriolet,6,EMEA,MEDIUM
1941_Chevrolet_Special_Deluxe_Cabriolet,6,NA,MEDIUM
1941_Chevrolet_Special_Deluxe_Cabriolet,7,EMEA,MEDIUM
1941_Chevrolet_Special_Deluxe_Cabriolet,8,NA,MEDIUM
1941_Chevrolet_Special_Deluxe_Cabriolet,8,NA,MEDIUM
1941_Chevrolet_Special_Deluxe_Cabriolet,9,EMEA,LOW
1941_Chevrolet_Special_Deluxe_Cabriolet,10,EMEA,MEDIUM
1941_Chevrolet_Special_Deluxe_Cabriolet,10,NA,MEDIUM
1941_Chevrolet_Special_Deluxe_Cabriolet,11,EMEA,MEDIUM
1941_Chevrolet_Special_Deluxe_Cabriolet,11,EMEA,MEDIUM
1941_Chevrolet_Special_Deluxe_Cabriolet,11,EMEA,MEDIUM
1941_Chevrolet_Special_Deluxe_Cabriolet,11,EMEA,MEDIUM
1941_Chevrolet_Special_Deluxe_Cabriolet,11,EMEA,MEDIUM
1941_Chevrolet_Special_Deluxe_Cabriolet,12,EMEA,LOW
1948_Porsche_356_A_Roadster,1,EMEA,LOW
1948_Porsche_356_A_Roadster,1,EMEA,LOW
1948_Porsche_356_A_Roadster,2,EMEA,MEDIUM
1948_Porsche_356_A_Roadster,3,Japan,MEDIUM
1948_Porsche_356_A_Roadster,4,EMEA,MEDIUM
1948_Porsche_356_A_Roadster,5,EMEA,MEDIUM
1948_Porsche_356_A_Roadster,5,EMEA,MEDIUM
1948_Porsche_356_A_Roadster,6,EMEA,LOW
1948_Porsche_356_A_Roadster,7,EMEA,MEDIUM
1948_Porsche_356_A_Roadster,7,NA,MEDIUM
1948_Porsche_356_A_Roadster,8,NA,MEDIUM
1948_Porsche_356_A_Roadster,9,NA,MEDIUM
1948_Porsche_356_A_Roadster,10,EMEA,MEDIUM
1948_Porsche_356_A_Roadster,10,NA,MEDIUM
1948_Porsche_356_A_Roadster,11,APAC,HIGH
1948_Porsche_356_A_Roadster,11,EMEA,LOW
1948_Porsche_356_A_Roadster,11,EMEA,LOW
1948_Porsche_356_A_Roadster,11,NA,MEDIUM
1948_Porsche_356_A_Roadster,11,NA,MEDIUM
1948_Porsche_356_A_Roadster,11,NA,MEDIUM
1948_Porsche_356_A_Roadster,12,EMEA,MEDIUM
1948_Porsche_Type_356_Roadster,1,EMEA,MEDIUM
1948_Porsche_Type_356_Roadster,1,NA,MEDIUM
1948_Porsche_Type_356_Roadster,2,EMEA,MEDIUM
1948_Porsche_Type_356_Roadster,2,NA,MEDIUM
1948_Porsche_Type_356_Roadster,3,NA,MEDIUM
1948_Porsche_Type_356_Roadster,4,Japan,MEDIUM
1948_Porsche_Type_356_Roadster,5,EMEA,MEDIUM
1948_Porsche_Type_356_Roadster,5,EMEA,MEDIUM
1948_Porsche_Type_356_Roadster,6,EMEA,MEDIUM
1948_Porsche_Type_356_Roadster,7,EMEA,MEDIUM
1948_Porsche_Type_356_Roadster,7,EMEA,MEDIUM
1948_Porsche_Type_356_Roadster,8,NA,MEDIUM
1948_Porsche_Type_356_Roadster,9,APAC,MEDIUM
1948_Porsche_Type_356_Roadster,10,EMEA,MEDIUM
1948_Porsche_Type_356_Roadster,10,EMEA,MEDIUM
1948_Porsche_Type_356_Roadster,10,EMEA,MEDIUM
1948_Porsche_Type_356_Roadster,11,EMEA,MEDIUM
1948_Porsche_Type_356_Roadster,11,EMEA,MEDIUM
1948_Porsche_Type_356_Roadster,11,NA,MEDIUM
1948_Porsche_Type_356_Roadster,11,NA,MEDIUM
1948_Porsche_Type_356_Roadster,11,NA,MEDIUM
1948_Porsche_Type_356_Roadster,11,NA,MEDIUM
1948_Porsche_Type_356_Roadster,12,NA,MEDIUM
1949_Jaguar_XK_120,1,EMEA,MEDIUM
1949_Jaguar_XK_120,1,NA,MEDIUM
1949_Jaguar_XK_120,2,EMEA,MEDIUM
1949_Jaguar_XK_120,3,EMEA,MEDIUM
1949_Jaguar_XK_120,3,EMEA,MEDIUM
1949_Jaguar_XK_120,4,NA,HIGH
1949_Jaguar_XK_120,5,APAC,MEDIUM
1949_Jaguar_XK_120,5,NA,MEDIUM
1949_Jaguar_XK_120,7,NA,MEDIUM
1949_Jaguar_XK_120,8,EMEA,MEDIUM
1949_Jaguar_XK_120,9,APAC,LOW
1949_Jaguar_XK_120,9,APAC,MEDIUM
1949_Jaguar_XK_120,10,EMEA,LOW
1949_Jaguar_XK_120,10,EMEA,MEDIUM
1949_Jaguar_XK_120,10,EMEA,MEDIUM
1949_Jaguar_XK_120,11,EMEA,MEDIUM
1949_Jaguar_XK_120,11,NA,LOW
1949_Jaguar_XK_120,11,NA,MEDIUM
1949_Jaguar_XK_120,11,NA,MEDIUM
1949_Jaguar_XK_120,11,NA,MEDIUM
1949_Jaguar_XK_120,11,NA,MEDIUM
1949_Jaguar_XK_120,12,NA,MEDIUM
1950_s_Chicago_Surface_Lines_Streetcar,1,EMEA,MEDIUM
1950_s_Chicago_Surface_Lines_Streetcar,1,NA,MEDIUM
1950_s_Chicago_Surface_Lines_Streetcar,2,EMEA,LOW
1950_s_Chicago_Surface_Lines_Streetcar,2,EMEA,MEDIUM
1950_s_Chicago_Surface_Lines_Streetcar,3,EMEA,MEDIUM
1950_s_Chicago_Surface_Lines_Streetcar,3,EMEA,MEDIUM
1950_s_Chicago_Surface_Lines_Streetcar,4,EMEA,MEDIUM
1950_s_Chicago_Surface_Lines_Streetcar,5,EMEA,MEDIUM
1950_s_Chicago_Surface_Lines_Streetcar,5,NA,LOW
1950_s_Chicago_Surface_Lines_Streetcar,6,NA,MEDIUM
1950_s_Chicago_Surface_Lines_Streetcar,7,NA,MEDIUM
1950_s_Chicago_Surface_Lines_Streetcar,8,NA,MEDIUM
1950_s_Chicago_Surface_Lines_Streetcar,8,NA,MEDIUM
1950_s_Chicago_Surface_Lines_Streetcar,9,APAC,MEDIUM
1950_s_Chicago_Surface_Lines_Streetcar,9,NA,MEDIUM
1950_s_Chicago_Surface_Lines_Streetcar,10,EMEA,MEDIUM
1950_s_Chicago_Surface_Lines_Streetcar,10,EMEA,MEDIUM
1950_s_Chicago_Surface_Lines_Streetcar,10,Japan,MEDIUM
1950_s_Chicago_Surface_Lines_Streetcar,11,EMEA,LOW
1950_s_Chicago_Surface_Lines_Streetcar,11,EMEA,MEDIUM
1950_s_Chicago_Surface_Lines_Streetcar,11,EMEA,MEDIUM
1950_s_Chicago_Surface_Lines_Streetcar,11,EMEA,MEDIUM
1950_s_Chicago_Surface_Lines_Streetcar,11,NA,MEDIUM
1950_s_Chicago_Surface_Lines_Streetcar,12,EMEA,LOW
1950_s_Chicago_Surface_Lines_Streetcar,12,EMEA,MEDIUM
1950_s_Chicago_Surface_Lines_Streetcar,12,NA,MEDIUM
1952_Alpine_Renault_1300,1,EMEA,MEDIUM
1952_Alpine_Renault_1300,1,NA,MEDIUM
1952_Alpine_Renault_1300,1,NA,MEDIUM
1952_Alpine_Renault_1300,2,NA,MEDIUM
1952_Alpine_Renault_1300,3,APAC,LOW
1952_Alpine_Renault_1300,3,NA,MEDIUM
1952_Alpine_Renault_1300,5,EMEA,MEDIUM
1952_Alpine_Renault_1300,5,EMEA,MEDIUM
1952_Alpine_Renault_1300,5,NA,MEDIUM
1952_Alpine_Renault_1300,6,Japan,MEDIUM
1952_Alpine_Renault_1300,7,APAC,LOW
1952_Alpine_Renault_1300,7,NA,MEDIUM
1952_Alpine_Renault_1300,8,EMEA,MEDIUM
1952_Alpine_Renault_1300,9,Japan,MEDIUM
1952_Alpine_Renault_1300,10,NA,LOW
1952_Alpine_Renault_1300,10,NA,MEDIUM
1952_Alpine_Renault_1300,11,APAC,MEDIUM
1952_Alpine_Renault_1300,11,APAC,MEDIUM
1952_Alpine_Renault_1300,11,EMEA,MEDIUM
1952_Alpine_Renault_1300,11,NA,LOW
1952_Alpine_Renault_1300,11,NA,MEDIUM
1952_Alpine_Renault_1300,11,NA,MEDIUM
1952_Alpine_Renault_1300,12,NA,MEDIUM
1952_Alpine_Renault_1300,12,NA,MEDIUM
1952_Citroen_15CV,1,EMEA,MEDIUM
1952_Citroen_15CV,1,NA,MEDIUM
1952_Citroen_15CV,2,EMEA,MEDIUM
1952_Citroen_15CV,3,EMEA,MEDIUM
1952_Citroen_15CV,3,EMEA,MEDIUM
1952_Citroen_15CV,4,NA,HIGH
1952_Citroen_15CV,5,APAC,HIGH
1952_Citroen_15CV,5,NA,MEDIUM
1952_Citroen_15CV,7,NA,MEDIUM
1952_Citroen_15CV,8,EMEA,MEDIUM
1952_Citroen_15CV,9,APAC,MEDIUM
1952_Citroen_15CV,9,APAC,MEDIUM
1952_Citroen_15CV,10,EMEA,MEDIUM
1952_Citroen_15CV,10,EMEA,MEDIUM
1952_Citroen_15CV,10,EMEA,MEDIUM
1952_Citroen_15CV,11,EMEA,LOW
1952_Citroen_15CV,11,EMEA,MEDIUM
1952_Citroen_15CV,11,NA,LOW
1952_Citroen_15CV,11,NA,LOW
1952_Citroen_15CV,11,NA,LOW
1952_Citroen_15CV,12,NA,MEDIUM
1954_Greyhound_Scenicruiser,1,EMEA,MEDIUM
1954_Greyhound_Scenicruiser,1,NA,LOW
1954_Greyhound_Scenicruiser,2,EMEA,MEDIUM
1954_Greyhound_Scenicruiser,2,NA,MEDIUM
1954_Greyhound_Scenicruiser,3,EMEA,MEDIUM
1954_Greyhound_Scenicruiser,3,NA,LOW
1954_Greyhound_Scenicruiser,4,EMEA,MEDIUM
1954_Greyhound_Scenicruiser,5,EMEA,LOW
1954_Greyhound_Scenicruiser,5,EMEA,LOW
1954_Greyhound_Scenicruiser,5,EMEA,MEDIUM
1954_Greyhound_Scenicruiser,6,APAC,MEDIUM
1954_Greyhound_Scenicruiser,6,NA,MEDIUM
1954_Greyhound_Scenicruiser,7,NA,MEDIUM
1954_Greyhound_Scenicruiser,8,EMEA,LOW
1954_Greyhound_Scenicruiser,8,NA,MEDIUM
1954_Greyhound_Scenicruiser,9,EMEA,MEDIUM
1954_Greyhound_Scenicruiser,9,NA,MEDIUM
1954_Greyhound_Scenicruiser,10,Japan,MEDIUM
1954_Greyhound_Scenicruiser,10,NA,MEDIUM
1954_Greyhound_Scenicruiser,10,NA,MEDIUM
1954_Greyhound_Scenicruiser,11,EMEA,MEDIUM
1954_Greyhound_Scenicruiser,11,EMEA,MEDIUM
1954_Greyhound_Scenicruiser,11,EMEA,MEDIUM
1954_Greyhound_Scenicruiser,11,NA,MEDIUM
1954_Greyhound_Scenicruiser,11,NA,MEDIUM
1954_Greyhound_Scenicruiser,12,EMEA,MEDIUM
1954_Greyhound_Scenicruiser,12,NA,MEDIUM
1954_Greyhound_Scenicruiser,12,NA,MEDIUM
1956_Porsche_356A_Coupe,1,EMEA,MEDIUM
1956_Porsche_356A_Coupe,1,EMEA,MEDIUM
1956_Porsche_356A_Coupe,2,EMEA,MEDIUM
1956_Porsche_356A_Coupe,3,Japan,MEDIUM
1956_Porsche_356A_Coupe,3,NA,MEDIUM
1956_Porsche_356A_Coupe,4,EMEA,MEDIUM
1956_Porsche_356A_Coupe,5,EMEA,MEDIUM
1956_Porsche_356A_Coupe,5,EMEA,HIGH
1956_Porsche_356A_Coupe,6,EMEA,MEDIUM
1956_Porsche_356A_Coupe,7,EMEA,LOW
1956_Porsche_356A_Coupe,7,NA,MEDIUM
1956_Porsche_356A_Coupe,8,NA,MEDIUM
1956_Porsche_356A_Coupe,9,NA,LOW
1956_Porsche_356A_Coupe,10,EMEA,MEDIUM
1956_Porsche_356A_Coupe,10,NA,MEDIUM
1956_Porsche_356A_Coupe,11,APAC,MEDIUM
1956_Porsche_356A_Coupe,11,EMEA,MEDIUM
1956_Porsche_356A_Coupe,11,EMEA,MEDIUM
1956_Porsche_356A_Coupe,11,NA,LOW
1956_Porsche_356A_Coupe,11,NA,MEDIUM
1956_Porsche_356A_Coupe,11,NA,MEDIUM
1956_Porsche_356A_Coupe,12,EMEA,MEDIUM
1956_Porsche_356A_Coupe,12,EMEA,MEDIUM
1957_Chevy_Pickup,1,EMEA,MEDIUM
1957_Chevy_Pickup,1,NA,MEDIUM
1957_Chevy_Pickup,2,NA,MEDIUM
1957_Chevy_Pickup,2,NA,MEDIUM
1957_Chevy_Pickup,3,NA,MEDIUM
1957_Chevy_Pickup,4,NA,MEDIUM
1957_Chevy_Pickup,5,EMEA,MEDIUM
1957_Chevy_Pickup,5,EMEA,MEDIUM
1957_Chevy_Pickup,5,EMEA,HIGH
1957_Chevy_Pickup,6,APAC,MEDIUM
1957_Chevy_Pickup,6,NA,LOW
1957_Chevy_Pickup,7,NA,MEDIUM
1957_Chevy_Pickup,8,EMEA,LOW
1957_Chevy_Pickup,8,NA,MEDIUM
1957_Chevy_Pickup,9,EMEA,LOW
1957_Chevy_Pickup,9,NA,LOW
1957_Chevy_Pickup,10,EMEA,MEDIUM
1957_Chevy_Pickup,10,Japan,MEDIUM
1957_Chevy_Pickup,10,NA,MEDIUM
1957_Chevy_Pickup,11,EMEA,MEDIUM
1957_Chevy_Pickup,11,EMEA,MEDIUM
1957_Chevy_Pickup,11,EMEA,MEDIUM
1957_Chevy_Pickup,11,NA,MEDIUM
1957_Chevy_Pickup,11,NA,MEDIUM
1957_Chevy_Pickup,12,EMEA,MEDIUM
1957_Chevy_Pickup,12,NA,MEDIUM
1957_Chevy_Pickup,12,NA,MEDIUM
1957_Corvette_Convertible,1,EMEA,MEDIUM
1957_Corvette_Convertible,1,EMEA,MEDIUM
1957_Corvette_Convertible,2,EMEA,MEDIUM
1957_Corvette_Convertible,3,Japan,MEDIUM
1957_Corvette_Convertible,3,NA,MEDIUM
1957_Corvette_Convertible,5,EMEA,MEDIUM
1957_Corvette_Convertible,5,EMEA,MEDIUM
1957_Corvette_Convertible,6,NA,LOW
1957_Corvette_Convertible,7,NA,MEDIUM
1957_Corvette_Convertible,8,NA,MEDIUM
1957_Corvette_Convertible,9,EMEA,MEDIUM
1957_Corvette_Convertible,9,NA,MEDIUM
1957_Corvette_Convertible,10,NA,MEDIUM
1957_Corvette_Convertible,11,APAC,MEDIUM
1957_Corvette_Convertible,11,APAC,MEDIUM
1957_Corvette_Convertible,11,Japan,MEDIUM
1957_Corvette_Convertible,11,NA,MEDIUM
1957_Corvette_Convertible,12,EMEA,MEDIUM
1957_Ford_Thunderbird,1,EMEA,MEDIUM
1957_Ford_Thunderbird,1,NA,MEDIUM
1957_Ford_Thunderbird,2,EMEA,LOW
1957_Ford_Thunderbird,3,EMEA,MEDIUM
1957_Ford_Thunderbird,3,EMEA,MEDIUM
1957_Ford_Thunderbird,4,NA,HIGH
1957_Ford_Thunderbird,5,APAC,MEDIUM
1957_Ford_Thunderbird,5,NA,LOW
1957_Ford_Thunderbird,7,NA,MEDIUM
1957_Ford_Thunderbird,8,EMEA,MEDIUM
1957_Ford_Thunderbird,9,APAC,LOW
1957_Ford_Thunderbird,9,APAC,MEDIUM
1957_Ford_Thunderbird,10,EMEA,LOW
1957_Ford_Thunderbird,10,EMEA,MEDIUM
1957_Ford_Thunderbird,11,APAC,MEDIUM
1957_Ford_Thunderbird,11,EMEA,LOW
1957_Ford_Thunderbird,11,EMEA,MEDIUM
1957_Ford_Thunderbird,11,EMEA,MEDIUM
1957_Ford_Thunderbird,11,NA,MEDIUM
1957_Ford_Thunderbird,12,NA,MEDIUM
1957_Vespa_GS150,1,EMEA,MEDIUM
1957_Vespa_GS150,1,EMEA,MEDIUM
1957_Vespa_GS150,2,EMEA,MEDIUM
1957_Vespa_GS150,3,Japan,MEDIUM
1957_Vespa_GS150,3,NA,MEDIUM
1957_Vespa_GS150,4,EMEA,MEDIUM
1957_Vespa_GS150,4,NA,MEDIUM
1957_Vespa_GS150,5,EMEA,MEDIUM
1957_Vespa_GS150,5,EMEA,MEDIUM
1957_Vespa_GS150,6,NA,MEDIUM
1957_Vespa_GS150,7,NA,MEDIUM
1957_Vespa_GS150,8,EMEA,MEDIUM
1957_Vespa_GS150,8,NA,MEDIUM
1957_Vespa_GS150,9,EMEA,MEDIUM
1957_Vespa_GS150,9,NA,MEDIUM
1957_Vespa_GS150,10,NA,LOW
1957_Vespa_GS150,11,APAC,MEDIUM
1957_Vespa_GS150,11,APAC,MEDIUM
1957_Vespa_GS150,11,Japan,MEDIUM
1957_Vespa_GS150,11,NA,MEDIUM
1957_Vespa_GS150,12,EMEA,MEDIUM
1958_Chevy_Corvette_Limited_Edition,1,EMEA,MEDIUM
1958_Chevy_Corvette_Limited_Edition,1,NA,MEDIUM
1958_Chevy_Corvette_Limited_Edition,2,EMEA,MEDIUM
1958_Chevy_Corvette_Limited_Edition,2,NA,LOW
1958_Chevy_Corvette_Limited_Edition,3,EMEA,MEDIUM
1958_Chevy_Corvette_Limited_Edition,3,NA,MEDIUM
1958_Chevy_Corvette_Limited_Edition,4,EMEA,LOW
1958_Chevy_Corvette_Limited_Edition,5,EMEA,MEDIUM
1958_Chevy_Corvette_Limited_Edition,5,EMEA,MEDIUM
1958_Chevy_Corvette_Limited_Edition,5,EMEA,MEDIUM
1958_Chevy_Corvette_Limited_Edition,6,APAC,MEDIUM
1958_Chevy_Corvette_Limited_Edition,6,NA,MEDIUM
1958_Chevy_Corvette_Limited_Edition,7,NA,MEDIUM
1958_Chevy_Corvette_Limited_Edition,8,EMEA,LOW
1958_Chevy_Corvette_Limited_Edition,8,NA,LOW
1958_Chevy_Corvette_Limited_Edition,9,EMEA,MEDIUM
1958_Chevy_Corvette_Limited_Edition,9,NA,MEDIUM
1958_Chevy_Corvette_Limited_Edition,10,EMEA,MEDIUM
1958_Chevy_Corvette_Limited_Edition,10,Japan,MEDIUM
1958_Chevy_Corvette_Limited_Edition,10,NA,MEDIUM
1958_Chevy_Corvette_Limited_Edition,11,EMEA,MEDIUM
1958_Chevy_Corvette_Limited_Edition,11,EMEA,MEDIUM
1958_Chevy_Corvette_Limited_Edition,11,NA,MEDIUM
1958_Chevy_Corvette_Limited_Edition,11,NA,MEDIUM
1958_Chevy_Corvette_Limited_Edition,11,NA,MEDIUM
1958_Chevy_Corvette_Limited_Edition,12,EMEA,MEDIUM
1958_Chevy_Corvette_Limited_Edition,12,NA,MEDIUM
1958_Chevy_Corvette_Limited_Edition,12,NA,MEDIUM
1958_Setra_Bus,1,APAC,MEDIUM
1958_Setra_Bus,1,EMEA,MEDIUM
1958_Setra_Bus,2,NA,LOW
1958_Setra_Bus,3,APAC,MEDIUM
1958_Setra_Bus,3,NA,LOW
1958_Setra_Bus,3,NA,MEDIUM
1958_Setra_Bus,5,EMEA,LOW
1958_Setra_Bus,5,EMEA,MEDIUM
1958_Setra_Bus,5,NA,MEDIUM
1958_Setra_Bus,6,Japan,MEDIUM
1958_Setra_Bus,7,APAC,MEDIUM
1958_Setra_Bus,7,NA,MEDIUM
1958_Setra_Bus,8,NA,MEDIUM
1958_Setra_Bus,9,Japan,MEDIUM
1958_Setra_Bus,10,EMEA,MEDIUM
1958_Setra_Bus,10,NA,LOW
1958_Setra_Bus,11,APAC,MEDIUM
1958_Setra_Bus,11,APAC,MEDIUM
1958_Setra_Bus,11,EMEA,MEDIUM
1958_Setra_Bus,11,NA,MEDIUM
1958_Setra_Bus,11,NA,MEDIUM
1958_Setra_Bus,11,NA,MEDIUM
1958_Setra_Bus,12,NA,MEDIUM
1958_Setra_Bus,12,NA,MEDIUM
1960_BSA_Gold_Star_DBD34_1960,1,EMEA,LOW
1960_BSA_Gold_Star_DBD34_1960,1,Japan,MEDIUM
1960_BSA_Gold_Star_DBD34_1960,2,APAC,MEDIUM
1960_BSA_Gold_Star_DBD34_1960,2,EMEA,LOW
1960_BSA_Gold_Star_DBD34_1960,2,NA,MEDIUM
1960_BSA_Gold_Star_DBD34_1960,4,APAC,MEDIUM
1960_BSA_Gold_Star_DBD34_1960,4,EMEA,HIGH
1960_BSA_Gold_Star_DBD34_1960,4,NA,MEDIUM
1960_BSA_Gold_Star_DBD34_1960,5,EMEA,MEDIUM
1960_BSA_Gold_Star_DBD34_1960,5,NA,MEDIUM
1960_BSA_Gold_Star_DBD34_1960,6,NA,MEDIUM
1960_BSA_Gold_Star_DBD34_1960,7,EMEA,MEDIUM
1960_BSA_Gold_Star_DBD34_1960,7,EMEA,MEDIUM
1960_BSA_Gold_Star_DBD34_1960,8,NA,MEDIUM
1960_BSA_Gold_Star_DBD34_1960,8,NA,MEDIUM
1960_BSA_Gold_Star_DBD34_1960,9,EMEA,MEDIUM
1960_BSA_Gold_Star_DBD34_1960,10,EMEA,LOW
1960_BSA_Gold_Star_DBD34_1960,10,NA,MEDIUM
1960_BSA_Gold_Star_DBD34_1960,10,NA,MEDIUM
1960_BSA_Gold_Star_DBD34_1960,11,EMEA,MEDIUM
1960_BSA_Gold_Star_DBD34_1960,11,NA,MEDIUM
1960_BSA_Gold_Star_DBD34_1960,11,NA,MEDIUM
1960_BSA_Gold_Star_DBD34_1960,12,NA,MEDIUM
1961_Chevrolet_Impala,1,EMEA,LOW
1961_Chevrolet_Impala,1,EMEA,MEDIUM
1961_Chevrolet_Impala,2,EMEA,MEDIUM
1961_Chevrolet_Impala,3,Japan,MEDIUM
1961_Chevrolet_Impala,3,NA,MEDIUM
1961_Chevrolet_Impala,5,EMEA,MEDIUM
1961_Chevrolet_Impala,5,EMEA,MEDIUM
1961_Chevrolet_Impala,6,NA,MEDIUM
1961_Chevrolet_Impala,7,NA,LOW
1961_Chevrolet_Impala,8,NA,MEDIUM
1961_Chevrolet_Impala,9,EMEA,MEDIUM
1961_Chevrolet_Impala,9,NA,MEDIUM
1961_Chevrolet_Impala,10,NA,LOW
1961_Chevrolet_Impala,11,APAC,LOW
1961_Chevrolet_Impala,11,EMEA,MEDIUM
1961_Chevrolet_Impala,11,NA,MEDIUM
1961_Chevrolet_Impala,11,NA,MEDIUM
1961_Chevrolet_Impala,12,EMEA,MEDIUM
1962_City_of_Detroit_Streetcar,1,EMEA,MEDIUM
1962_City_of_Detroit_Streetcar,1,EMEA,MEDIUM
1962_City_of_Detroit_Streetcar,1,Japan,LOW
1962_City_of_Detroit_Streetcar,2,EMEA,MEDIUM
1962_City_of_Detroit_Streetcar,2,EMEA,MEDIUM
1962_City_of_Detroit_Streetcar,3,EMEA,MEDIUM
1962_City_of_Detroit_Streetcar,3,EMEA,MEDIUM
1962_City_of_Detroit_Streetcar,4,Japan,LOW
1962_City_of_Detroit_Streetcar,5,EMEA,MEDIUM
1962_City_of_Detroit_Streetcar,5,NA,HIGH
1962_City_of_Detroit_Streetcar,6,NA,MEDIUM
1962_City_of_Detroit_Streetcar,7,NA,MEDIUM
1962_City_of_Detroit_Streetcar,8,NA,MEDIUM
1962_City_of_Detroit_Streetcar,8,NA,MEDIUM
1962_City_of_Detroit_Streetcar,9,EMEA,MEDIUM
1962_City_of_Detroit_Streetcar,9,NA,MEDIUM
1962_City_of_Detroit_Streetcar,10,EMEA,MEDIUM
1962_City_of_Detroit_Streetcar,10,EMEA,MEDIUM
1962_City_of_Detroit_Streetcar,10,Japan,MEDIUM
1962_City_of_Detroit_Streetcar,11,EMEA,MEDIUM
1962_City_of_Detroit_Streetcar,11,EMEA,MEDIUM
1962_City_of_Detroit_Streetcar,11,NA,LOW
1962_City_of_Detroit_Streetcar,11,NA,LOW
1962_City_of_Detroit_Streetcar,11,NA,MEDIUM
1962_City_of_Detroit_Streetcar,12,EMEA,MEDIUM
1962_City_of_Detroit_Streetcar,12,EMEA,MEDIUM
1962_LanciaA_Delta_16V,1,APAC,MEDIUM
1962_LanciaA_Delta_16V,1,EMEA,MEDIUM
1962_LanciaA_Delta_16V,2,APAC,MEDIUM
1962_LanciaA_Delta_16V,2,NA,MEDIUM
1962_LanciaA_Delta_16V,3,APAC,MEDIUM
1962_LanciaA_Delta_16V,3,NA,MEDIUM
1962_LanciaA_Delta_16V,4,EMEA,MEDIUM
1962_LanciaA_Delta_16V,5,EMEA,LOW
1962_LanciaA_Delta_16V,5,EMEA,MEDIUM
1962_LanciaA_Delta_16V,5,NA,MEDIUM
1962_LanciaA_Delta_16V,6,APAC,MEDIUM
1962_LanciaA_Delta_16V,7,APAC,MEDIUM
1962_LanciaA_Delta_16V,7,NA,MEDIUM
1962_LanciaA_Delta_16V,8,NA,MEDIUM
1962_LanciaA_Delta_16V,9,Japan,LOW
1962_LanciaA_Delta_16V,10,EMEA,LOW
1962_LanciaA_Delta_16V,10,NA,MEDIUM
1962_LanciaA_Delta_16V,10,NA,MEDIUM
1962_LanciaA_Delta_16V,11,APAC,MEDIUM
1962_LanciaA_Delta_16V,11,EMEA,MEDIUM
1962_LanciaA_Delta_16V,11,EMEA,MEDIUM
1962_LanciaA_Delta_16V,11,NA,MEDIUM
1962_LanciaA_Delta_16V,11,NA,MEDIUM
1962_LanciaA_Delta_16V,12,NA,MEDIUM
1962_LanciaA_Delta_16V,12,NA,MEDIUM
1962_Volkswagen_Microbus,1,EMEA,MEDIUM
1962_Volkswagen_Microbus,1,NA,LOW
1962_Volkswagen_Microbus,2,APAC,MEDIUM
1962_Volkswagen_Microbus,2,NA,LOW
1962_Volkswagen_Microbus,3,NA,MEDIUM
1962_Volkswagen_Microbus,4,EMEA,LOW
1962_Volkswagen_Microbus,5,EMEA,MEDIUM
1962_Volkswagen_Microbus,5,EMEA,MEDIUM
1962_Volkswagen_Microbus,5,EMEA,MEDIUM
1962_Volkswagen_Microbus,5,EMEA,HIGH
1962_Volkswagen_Microbus,6,APAC,MEDIUM
1962_Volkswagen_Microbus,7,NA,MEDIUM
1962_Volkswagen_Microbus,7,NA,MEDIUM
1962_Volkswagen_Microbus,8,NA,MEDIUM
1962_Volkswagen_Microbus,9,EMEA,MEDIUM
1962_Volkswagen_Microbus,10,Japan,MEDIUM
1962_Volkswagen_Microbus,10,NA,LOW
1962_Volkswagen_Microbus,10,NA,MEDIUM
1962_Volkswagen_Microbus,11,EMEA,LOW
1962_Volkswagen_Microbus,11,EMEA,MEDIUM
1962_Volkswagen_Microbus,11,EMEA,MEDIUM
1962_Volkswagen_Microbus,11,EMEA,MEDIUM
1962_Volkswagen_Microbus,11,NA,MEDIUM
1962_Volkswagen_Microbus,12,EMEA,MEDIUM
1962_Volkswagen_Microbus,12,NA,MEDIUM
1964_Mercedec_Tour_Bus,1,APAC,LOW
1964_Mercedec_Tour_Bus,1,EMEA,MEDIUM
1964_Mercedec_Tour_Bus,2,EMEA,MEDIUM
1964_Mercedec_Tour_Bus,3,NA,MEDIUM
1964_Mercedec_Tour_Bus,4,EMEA,MEDIUM
1964_Mercedec_Tour_Bus,5,EMEA,LOW
1964_Mercedec_Tour_Bus,5,EMEA,MEDIUM
1964_Mercedec_Tour_Bus,5,EMEA,HIGH
1964_Mercedec_Tour_Bus,6,APAC,MEDIUM
1964_Mercedec_Tour_Bus,6,NA,MEDIUM
1964_Mercedec_Tour_Bus,7,NA,MEDIUM
1964_Mercedec_Tour_Bus,8,EMEA,MEDIUM
1964_Mercedec_Tour_Bus,8,NA,MEDIUM
1964_Mercedec_Tour_Bus,9,EMEA,MEDIUM
1964_Mercedec_Tour_Bus,9,NA,MEDIUM
1964_Mercedec_Tour_Bus,10,Japan,MEDIUM
1964_Mercedec_Tour_Bus,10,NA,MEDIUM
1964_Mercedec_Tour_Bus,10,NA,MEDIUM
1964_Mercedec_Tour_Bus,11,EMEA,MEDIUM
1964_Mercedec_Tour_Bus,11,EMEA,MEDIUM
1964_Mercedec_Tour_Bus,11,NA,MEDIUM
1964_Mercedec_Tour_Bus,11,NA,MEDIUM
1964_Mercedec_Tour_Bus,12,EMEA,LOW
1964_Mercedec_Tour_Bus,12,NA,MEDIUM
1964_Mercedec_Tour_Bus,12,NA,MEDIUM
1965_Aston_Martin_DB5,1,EMEA,MEDIUM
1965_Aston_Martin_DB5,1,NA,MEDIUM
1965_Aston_Martin_DB5,2,EMEA,MEDIUM
1965_Aston_Martin_DB5,2,NA,MEDIUM
1965_Aston_Martin_DB5,3,EMEA,MEDIUM
1965_Aston_Martin_DB5,4,NA,HIGH
1965_Aston_Martin_DB5,5,EMEA,MEDIUM
1965_Aston_Martin_DB5,5,EMEA,MEDIUM
1965_Aston_Martin_DB5,6,EMEA,LOW
1965_Aston_Martin_DB5,7,EMEA,MEDIUM
1965_Aston_Martin_DB5,7,EMEA,MEDIUM
1965_Aston_Martin_DB5,8,NA,LOW
1965_Aston_Martin_DB5,9,APAC,LOW
1965_Aston_Martin_DB5,9,APAC,MEDIUM
1965_Aston_Martin_DB5,10,EMEA,MEDIUM
1965_Aston_Martin_DB5,10,EMEA,MEDIUM
1965_Aston_Martin_DB5,10,EMEA,MEDIUM
1965_Aston_Martin_DB5,11,EMEA,MEDIUM
1965_Aston_Martin_DB5,11,EMEA,MEDIUM
1965_Aston_Martin_DB5,11,NA,MEDIUM
1965_Aston_Martin_DB5,11,NA,MEDIUM
1965_Aston_Martin_DB5,11,NA,MEDIUM
1965_Aston_Martin_DB5,12,NA,MEDIUM
1966_Shelby_Cobra_427_S/C,1,EMEA,MEDIUM
1966_Shelby_Cobra_427_S/C,1,NA,MEDIUM
1966_Shelby_Cobra_427_S/C,2,EMEA,MEDIUM
1966_Shelby_Cobra_427_S/C,2,NA,MEDIUM
1966_Shelby_Cobra_427_S/C,3,EMEA,MEDIUM
1966_Shelby_Cobra_427_S/C,4,NA,HIGH
1966_Shelby_Cobra_427_S/C,5,APAC,MEDIUM
1966_Shelby_Cobra_427_S/C,5,EMEA,MEDIUM
1966_Shelby_Cobra_427_S/C,7,EMEA,MEDIUM
1966_Shelby_Cobra_427_S/C,7,EMEA,MEDIUM
1966_Shelby_Cobra_427_S/C,8,NA,MEDIUM
1966_Shelby_Cobra_427_S/C,9,APAC,MEDIUM
1966_Shelby_Cobra_427_S/C,9,APAC,MEDIUM
1966_Shelby_Cobra_427_S/C,10,EMEA,LOW
1966_Shelby_Cobra_427_S/C,10,EMEA,LOW
1966_Shelby_Cobra_427_S/C,10,EMEA,MEDIUM
1966_Shelby_Cobra_427_S/C,11,EMEA,LOW
1966_Shelby_Cobra_427_S/C,11,EMEA,MEDIUM
1966_Shelby_Cobra_427_S/C,11,EMEA,MEDIUM
1966_Shelby_Cobra_427_S/C,11,NA,MEDIUM
1966_Shelby_Cobra_427_S/C,11,NA,MEDIUM
1966_Shelby_Cobra_427_S/C,11,NA,MEDIUM
1966_Shelby_Cobra_427_S/C,12,NA,MEDIUM
1968_Dodge_Charger,1,EMEA,MEDIUM
1968_Dodge_Charger,1,EMEA,MEDIUM
1968_Dodge_Charger,2,NA,MEDIUM
1968_Dodge_Charger,3,Japan,MEDIUM
1968_Dodge_Charger,5,EMEA,LOW
1968_Dodge_Charger,5,EMEA,MEDIUM
1968_Dodge_Charger,6,EMEA,LOW
1968_Dodge_Charger,7,EMEA,LOW
1968_Dodge_Charger,7,NA,MEDIUM
1968_Dodge_Charger,8,NA,MEDIUM
1968_Dodge_Charger,9,NA,MEDIUM
1968_Dodge_Charger,10,EMEA,MEDIUM
1968_Dodge_Charger,10,NA,MEDIUM
1968_Dodge_Charger,11,EMEA,MEDIUM
1968_Dodge_Charger,11,EMEA,MEDIUM
1968_Dodge_Charger,11,EMEA,MEDIUM
1968_Dodge_Charger,11,NA,MEDIUM
1968_Dodge_Charger,12,EMEA,LOW
1968_Ford_Mustang,1,EMEA,MEDIUM
1968_Ford_Mustang,1,EMEA,MEDIUM
1968_Ford_Mustang,2,EMEA,MEDIUM
1968_Ford_Mustang,3,Japan,MEDIUM
1968_Ford_Mustang,5,EMEA,LOW
1968_Ford_Mustang,5,EMEA,MEDIUM
1968_Ford_Mustang,6,EMEA,LOW
1968_Ford_Mustang,7,EMEA,MEDIUM
1968_Ford_Mustang,7,NA,MEDIUM
1968_Ford_Mustang,8,NA,MEDIUM
1968_Ford_Mustang,9,NA,MEDIUM
1968_Ford_Mustang,10,EMEA,MEDIUM
1968_Ford_Mustang,10,NA,MEDIUM
1968_Ford_Mustang,11,APAC,MEDIUM
1968_Ford_Mustang,11,EMEA,MEDIUM
1968_Ford_Mustang,11,EMEA,MEDIUM
1968_Ford_Mustang,11,NA,MEDIUM
1968_Ford_Mustang,12,EMEA,LOW
1969_Chevrolet_Camaro_Z28,1,EMEA,MEDIUM
1969_Chevrolet_Camaro_Z28,1,NA,MEDIUM
1969_Chevrolet_Camaro_Z28,2,EMEA,MEDIUM
1969_Chevrolet_Camaro_Z28,3,EMEA,MEDIUM
1969_Chevrolet_Camaro_Z28,3,EMEA,MEDIUM
1969_Chevrolet_Camaro_Z28,4,NA,LOW
1969_Chevrolet_Camaro_Z28,5,APAC,MEDIUM
1969_Chevrolet_Camaro_Z28,5,NA,MEDIUM
1969_Chevrolet_Camaro_Z28,7,NA,MEDIUM
1969_Chevrolet_Camaro_Z28,8,EMEA,MEDIUM
1969_Chevrolet_Camaro_Z28,9,APAC,MEDIUM
1969_Chevrolet_Camaro_Z28,9,APAC,MEDIUM
1969_Chevrolet_Camaro_Z28,10,EMEA,LOW
1969_Chevrolet_Camaro_Z28,10,EMEA,MEDIUM
1969_Chevrolet_Camaro_Z28,10,EMEA,MEDIUM
1969_Chevrolet_Camaro_Z28,11,EMEA,MEDIUM
1969_Chevrolet_Camaro_Z28,11,NA,LOW
1969_Chevrolet_Camaro_Z28,11,NA,MEDIUM
1969_Chevrolet_Camaro_Z28,11,NA,MEDIUM
1969_Chevrolet_Camaro_Z28,11,NA,MEDIUM
1969_Chevrolet_Camaro_Z28,12,NA,MEDIUM
1969_Corvair_Monza,1,EMEA,MEDIUM
1969_Corvair_Monza,1,EMEA,MEDIUM
1969_Corvair_Monza,1,Japan,MEDIUM
1969_Corvair_Monza,2,EMEA,MEDIUM
1969_Corvair_Monza,2,NA,MEDIUM
1969_Corvair_Monza,3,EMEA,MEDIUM
1969_Corvair_Monza,4,Japan,MEDIUM
1969_Corvair_Monza,5,EMEA,MEDIUM
1969_Corvair_Monza,5,NA,MEDIUM
1969_Corvair_Monza,6,NA,MEDIUM
1969_Corvair_Monza,7,NA,MEDIUM
1969_Corvair_Monza,8,NA,MEDIUM
1969_Corvair_Monza,8,NA,MEDIUM
1969_Corvair_Monza,9,EMEA,LOW
1969_Corvair_Monza,9,EMEA,MEDIUM
1969_Corvair_Monza,10,EMEA,MEDIUM
1969_Corvair_Monza,10,EMEA,MEDIUM
1969_Corvair_Monza,10,Japan,MEDIUM
1969_Corvair_Monza,11,EMEA,MEDIUM
1969_Corvair_Monza,11,EMEA,MEDIUM
1969_Corvair_Monza,11,NA,LOW
1969_Corvair_Monza,11,NA,MEDIUM
1969_Corvair_Monza,11,NA,MEDIUM
1969_Corvair_Monza,12,EMEA,MEDIUM
1969_Dodge_Charger,1,EMEA,MEDIUM
1969_Dodge_Charger,1,EMEA,MEDIUM
1969_Dodge_Charger,2,EMEA,MEDIUM
1969_Dodge_Charger,3,Japan,MEDIUM
1969_Dodge_Charger,4,EMEA,LOW
1969_Dodge_Charger,5,EMEA,LOW
1969_Dodge_Charger,5,EMEA,MEDIUM
1969_Dodge_Charger,6,EMEA,MEDIUM
1969_Dodge_Charger,7,EMEA,MEDIUM
1969_Dodge_Charger,7,NA,MEDIUM
1969_Dodge_Charger,8,Japan,MEDIUM
1969_Dodge_Charger,9,NA,MEDIUM
1969_Dodge_Charger,10,EMEA,LOW
1969_Dodge_Charger,10,NA,MEDIUM
1969_Dodge_Charger,11,EMEA,MEDIUM
1969_Dodge_Charger,11,EMEA,MEDIUM
1969_Dodge_Charger,11,EMEA,HIGH
1969_Dodge_Charger,11,NA,LOW
1969_Dodge_Charger,11,NA,MEDIUM
1969_Dodge_Charger,11,NA,MEDIUM
1969_Dodge_Charger,12,EMEA,MEDIUM
1969_Dodge_Super_Bee,1,EMEA,MEDIUM
1969_Dodge_Super_Bee,1,EMEA,MEDIUM
1969_Dodge_Super_Bee,2,EMEA,LOW
1969_Dodge_Super_Bee,3,Japan,MEDIUM
1969_Dodge_Super_Bee,3,NA,MEDIUM
1969_Dodge_Super_Bee,5,EMEA,LOW
1969_Dodge_Super_Bee,5,EMEA,LOW
1969_Dodge_Super_Bee,7,APAC,MEDIUM
1969_Dodge_Super_Bee,7,NA,MEDIUM
1969_Dodge_Super_Bee,8,NA,MEDIUM
1969_Dodge_Super_Bee,9,NA,MEDIUM
1969_Dodge_Super_Bee,10,EMEA,MEDIUM
1969_Dodge_Super_Bee,10,NA,LOW
1969_Dodge_Super_Bee,11,APAC,MEDIUM
1969_Dodge_Super_Bee,11,APAC,MEDIUM
1969_Dodge_Super_Bee,11,EMEA,MEDIUM
1969_Dodge_Super_Bee,11,NA,MEDIUM
1969_Dodge_Super_Bee,11,NA,MEDIUM
1969_Dodge_Super_Bee,12,EMEA,MEDIUM
1969_Ford_Falcon,1,EMEA,LOW
1969_Ford_Falcon,1,Japan,MEDIUM
1969_Ford_Falcon,2,EMEA,MEDIUM
1969_Ford_Falcon,2,NA,MEDIUM
1969_Ford_Falcon,3,EMEA,MEDIUM
1969_Ford_Falcon,3,NA,MEDIUM
1969_Ford_Falcon,4,Japan,MEDIUM
1969_Ford_Falcon,5,EMEA,MEDIUM
1969_Ford_Falcon,5,NA,LOW
1969_Ford_Falcon,6,NA,MEDIUM
1969_Ford_Falcon,7,NA,MEDIUM
1969_Ford_Falcon,8,NA,LOW
1969_Ford_Falcon,8,NA,MEDIUM
1969_Ford_Falcon,9,EMEA,MEDIUM
1969_Ford_Falcon,9,EMEA,MEDIUM
1969_Ford_Falcon,10,EMEA,LOW
1969_Ford_Falcon,10,EMEA,MEDIUM
1969_Ford_Falcon,10,Japan,MEDIUM
1969_Ford_Falcon,11,EMEA,LOW
1969_Ford_Falcon,11,EMEA,MEDIUM
1969_Ford_Falcon,11,EMEA,MEDIUM
1969_Ford_Falcon,11,NA,MEDIUM
1969_Ford_Falcon,11,NA,MEDIUM
1969_Ford_Falcon,12,EMEA,MEDIUM
1969_Ford_Falcon,12,NA,MEDIUM
1969_Harley_Davidson_Ultimate_Chopper,1,EMEA,MEDIUM
1969_Harley_Davidson_Ultimate_Chopper,2,APAC,MEDIUM
1969_Harley_Davidson_Ultimate_Chopper,2,EMEA,LOW
1969_Harley_Davidson_Ultimate_Chopper,2,NA,MEDIUM
1969_Harley_Davidson_Ultimate_Chopper,3,NA,MEDIUM
1969_Harley_Davidson_Ultimate_Chopper,4,EMEA,LOW
1969_Harley_Davidson_Ultimate_Chopper,4,NA,LOW
1969_Harley_Davidson_Ultimate_Chopper,5,EMEA,MEDIUM
1969_Harley_Davidson_Ultimate_Chopper,5,EMEA,HIGH
1969_Harley_Davidson_Ultimate_Chopper,5,NA,MEDIUM
1969_Harley_Davidson_Ultimate_Chopper,6,NA,MEDIUM
1969_Harley_Davidson_Ultimate_Chopper,7,EMEA,MEDIUM
1969_Harley_Davidson_Ultimate_Chopper,7,EMEA,MEDIUM
1969_Harley_Davidson_Ultimate_Chopper,8,NA,MEDIUM
1969_Harley_Davidson_Ultimate_Chopper,8,NA,MEDIUM
1969_Harley_Davidson_Ultimate_Chopper,9,EMEA,LOW
1969_Harley_Davidson_Ultimate_Chopper,10,EMEA,MEDIUM
1969_Harley_Davidson_Ultimate_Chopper,10,NA,MEDIUM
1969_Harley_Davidson_Ultimate_Chopper,10,NA,MEDIUM
1969_Harley_Davidson_Ultimate_Chopper,11,EMEA,MEDIUM
1969_Harley_Davidson_Ultimate_Chopper,11,EMEA,MEDIUM
1969_Harley_Davidson_Ultimate_Chopper,11,NA,MEDIUM
1969_Harley_Davidson_Ultimate_Chopper,11,NA,MEDIUM
1969_Harley_Davidson_Ultimate_Chopper,12,APAC,LOW
1969_Harley_Davidson_Ultimate_Chopper,12,NA,LOW
1970_Chevy_Chevelle_SS_454,1,EMEA,MEDIUM
1970_Chevy_Chevelle_SS_454,1,NA,LOW
1970_Chevy_Chevelle_SS_454,2,EMEA,MEDIUM
1970_Chevy_Chevelle_SS_454,2,NA,LOW
1970_Chevy_Chevelle_SS_454,3,EMEA,MEDIUM
1970_Chevy_Chevelle_SS_454,4,NA,MEDIUM
1970_Chevy_Chevelle_SS_454,5,APAC,HIGH
1970_Chevy_Chevelle_SS_454,5,NA,LOW
1970_Chevy_Chevelle_SS_454,7,NA,MEDIUM
1970_Chevy_Chevelle_SS_454,8,EMEA,MEDIUM
1970_Chevy_Chevelle_SS_454,9,APAC,MEDIUM
1970_Chevy_Chevelle_SS_454,9,APAC,MEDIUM
1970_Chevy_Chevelle_SS_454,10,EMEA,MEDIUM
1970_Chevy_Chevelle_SS_454,10,EMEA,MEDIUM
1970_Chevy_Chevelle_SS_454,10,EMEA,MEDIUM
1970_Chevy_Chevelle_SS_454,11,EMEA,LOW
1970_Chevy_Chevelle_SS_454,11,EMEA,MEDIUM
1970_Chevy_Chevelle_SS_454,11,NA,MEDIUM
1970_Chevy_Chevelle_SS_454,11,NA,MEDIUM
1970_Chevy_Chevelle_SS_454,11,NA,MEDIUM
1970_Chevy_Chevelle_SS_454,11,NA,MEDIUM
1970_Chevy_Chevelle_SS_454,12,NA,LOW
1970_Dodge_Coronet,1,EMEA,MEDIUM
1970_Dodge_Coronet,1,NA,MEDIUM
1970_Dodge_Coronet,2,EMEA,LOW
1970_Dodge_Coronet,2,EMEA,MEDIUM
1970_Dodge_Coronet,3,EMEA,MEDIUM
1970_Dodge_Coronet,3,EMEA,MEDIUM
1970_Dodge_Coronet,4,NA,MEDIUM
1970_Dodge_Coronet,5,EMEA,LOW
1970_Dodge_Coronet,5,EMEA,MEDIUM
1970_Dodge_Coronet,5,EMEA,HIGH
1970_Dodge_Coronet,6,APAC,MEDIUM
1970_Dodge_Coronet,6,NA,LOW
1970_Dodge_Coronet,7,NA,MEDIUM
1970_Dodge_Coronet,8,EMEA,LOW
1970_Dodge_Coronet,8,NA,MEDIUM
1970_Dodge_Coronet,9,APAC,MEDIUM
1970_Dodge_Coronet,9,NA,MEDIUM
1970_Dodge_Coronet,10,EMEA,MEDIUM
1970_Dodge_Coronet,10,Japan,MEDIUM
1970_Dodge_Coronet,10,NA,MEDIUM
1970_Dodge_Coronet,11,EMEA,MEDIUM
1970_Dodge_Coronet,11,EMEA,MEDIUM
1970_Dodge_Coronet,11,EMEA,MEDIUM
1970_Dodge_Coronet,11,NA,MEDIUM
1970_Dodge_Coronet,11,NA,MEDIUM
1970_Dodge_Coronet,12,EMEA,MEDIUM
1970_Dodge_Coronet,12,NA,MEDIUM
1970_Dodge_Coronet,12,NA,MEDIUM
1970_Plymouth_Hemi_Cuda,1,EMEA,MEDIUM
1970_Plymouth_Hemi_Cuda,1,EMEA,MEDIUM
1970_Plymouth_Hemi_Cuda,2,EMEA,LOW
1970_Plymouth_Hemi_Cuda,3,Japan,MEDIUM
1970_Plymouth_Hemi_Cuda,5,EMEA,MEDIUM
1970_Plymouth_Hemi_Cuda,5,EMEA,MEDIUM
1970_Plymouth_Hemi_Cuda,6,EMEA,MEDIUM
1970_Plymouth_Hemi_Cuda,7,EMEA,MEDIUM
1970_Plymouth_Hemi_Cuda,7,NA,LOW
1970_Plymouth_Hemi_Cuda,8,NA,MEDIUM
1970_Plymouth_Hemi_Cuda,9,NA,LOW
1970_Plymouth_Hemi_Cuda,10,EMEA,LOW
1970_Plymouth_Hemi_Cuda,10,NA,LOW
1970_Plymouth_Hemi_Cuda,11,APAC,MEDIUM
1970_Plymouth_Hemi_Cuda,11,EMEA,LOW
1970_Plymouth_Hemi_Cuda,11,EMEA,MEDIUM
1970_Plymouth_Hemi_Cuda,11,NA,MEDIUM
1970_Plymouth_Hemi_Cuda,12,EMEA,MEDIUM
1970_Triumph_Spitfire,1,EMEA,MEDIUM
1970_Triumph_Spitfire,1,Japan,MEDIUM
1970_Triumph_Spitfire,2,EMEA,MEDIUM
1970_Triumph_Spitfire,2,EMEA,MEDIUM
1970_Triumph_Spitfire,3,EMEA,MEDIUM
1970_Triumph_Spitfire,3,EMEA,MEDIUM
1970_Triumph_Spitfire,4,Japan,LOW
1970_Triumph_Spitfire,5,EMEA,MEDIUM
1970_Triumph_Spitfire,5,NA,MEDIUM
1970_Triumph_Spitfire,6,NA,MEDIUM
1970_Triumph_Spitfire,7,NA,MEDIUM
1970_Triumph_Spitfire,8,NA,LOW
1970_Triumph_Spitfire,8,NA,MEDIUM
1970_Triumph_Spitfire,9,APAC,MEDIUM
1970_Triumph_Spitfire,9,NA,MEDIUM
1970_Triumph_Spitfire,10,EMEA,LOW
1970_Triumph_Spitfire,10,EMEA,MEDIUM
1970_Triumph_Spitfire,10,Japan,MEDIUM
1970_Triumph_Spitfire,11,EMEA,MEDIUM
1970_Triumph_Spitfire,11,NA,MEDIUM
1970_Triumph_Spitfire,11,NA,MEDIUM
1970_Triumph_Spitfire,11,NA,MEDIUM
1970_Triumph_Spitfire,11,NA,MEDIUM
1970_Triumph_Spitfire,12,EMEA,MEDIUM
1970_Triumph_Spitfire,12,NA,MEDIUM
1970_Triumph_Spitfire,12,NA,MEDIUM
1971_Alpine_Renault_1600s,1,EMEA,LOW
1971_Alpine_Renault_1600s,1,EMEA,MEDIUM
1971_Alpine_Renault_1600s,2,EMEA,MEDIUM
1971_Alpine_Renault_1600s,3,Japan,MEDIUM
1971_Alpine_Renault_1600s,3,NA,MEDIUM
1971_Alpine_Renault_1600s,5,EMEA,MEDIUM
1971_Alpine_Renault_1600s,5,EMEA,HIGH
1971_Alpine_Renault_1600s,6,EMEA,LOW
1971_Alpine_Renault_1600s,7,EMEA,MEDIUM
1971_Alpine_Renault_1600s,7,NA,MEDIUM
1971_Alpine_Renault_1600s,8,NA,LOW
1971_Alpine_Renault_1600s,9,NA,MEDIUM
1971_Alpine_Renault_1600s,10,EMEA,MEDIUM
1971_Alpine_Renault_1600s,10,NA,MEDIUM
1971_Alpine_Renault_1600s,11,APAC,MEDIUM
1971_Alpine_Renault_1600s,11,APAC,MEDIUM
1971_Alpine_Renault_1600s,11,EMEA,LOW
1971_Alpine_Renault_1600s,11,NA,MEDIUM
1971_Alpine_Renault_1600s,12,EMEA,MEDIUM
1971_Alpine_Renault_1600s,12,EMEA,MEDIUM
1972_Alfa_Romeo_GTA,1,EMEA,MEDIUM
1972_Alfa_Romeo_GTA,1,NA,MEDIUM
1972_Alfa_Romeo_GTA,2,NA,MEDIUM
1972_Alfa_Romeo_GTA,2,NA,MEDIUM
1972_Alfa_Romeo_GTA,3,EMEA,MEDIUM
1972_Alfa_Romeo_GTA,4,EMEA,MEDIUM
1972_Alfa_Romeo_GTA,4,NA,HIGH
1972_Alfa_Romeo_GTA,5,NA,LOW
1972_Alfa_Romeo_GTA,5,NA,LOW
1972_Alfa_Romeo_GTA,6,EMEA,MEDIUM
1972_Alfa_Romeo_GTA,7,EMEA,MEDIUM
1972_Alfa_Romeo_GTA,8,NA,MEDIUM
1972_Alfa_Romeo_GTA,8,NA,MEDIUM
1972_Alfa_Romeo_GTA,9,NA,LOW
1972_Alfa_Romeo_GTA,10,EMEA,MEDIUM
1972_Alfa_Romeo_GTA,10,NA,LOW
1972_Alfa_Romeo_GTA,11,EMEA,LOW
1972_Alfa_Romeo_GTA,11,EMEA,MEDIUM
1972_Alfa_Romeo_GTA,11,EMEA,MEDIUM
1972_Alfa_Romeo_GTA,11,EMEA,MEDIUM
1972_Alfa_Romeo_GTA,11,NA,MEDIUM
1972_Alfa_Romeo_GTA,12,EMEA,MEDIUM
1972_Alfa_Romeo_GTA,12,EMEA,MEDIUM
1974_Ducati_350_Mk3_Desmo,1,EMEA,MEDIUM
1974_Ducati_350_Mk3_Desmo,1,NA,LOW
1974_Ducati_350_Mk3_Desmo,2,EMEA,MEDIUM
1974_Ducati_350_Mk3_Desmo,3,Japan,MEDIUM
1974_Ducati_350_Mk3_Desmo,3,NA,MEDIUM
1974_Ducati_350_Mk3_Desmo,4,EMEA,MEDIUM
1974_Ducati_350_Mk3_Desmo,4,NA,MEDIUM
1974_Ducati_350_Mk3_Desmo,5,EMEA,MEDIUM
1974_Ducati_350_Mk3_Desmo,6,NA,MEDIUM
1974_Ducati_350_Mk3_Desmo,7,NA,MEDIUM
1974_Ducati_350_Mk3_Desmo,8,NA,MEDIUM
1974_Ducati_350_Mk3_Desmo,8,NA,MEDIUM
1974_Ducati_350_Mk3_Desmo,8,NA,MEDIUM
1974_Ducati_350_Mk3_Desmo,9,EMEA,MEDIUM
1974_Ducati_350_Mk3_Desmo,10,EMEA,MEDIUM
1974_Ducati_350_Mk3_Desmo,10,NA,LOW
1974_Ducati_350_Mk3_Desmo,11,APAC,MEDIUM
1974_Ducati_350_Mk3_Desmo,11,EMEA,MEDIUM
1974_Ducati_350_Mk3_Desmo,11,EMEA,MEDIUM
1974_Ducati_350_Mk3_Desmo,11,NA,LOW
1974_Ducati_350_Mk3_Desmo,11,NA,MEDIUM
1974_Ducati_350_Mk3_Desmo,12,EMEA,MEDIUM
1976_Ford_Gran_Torino,1,EMEA,LOW
1976_Ford_Gran_Torino,1,EMEA,MEDIUM
1976_Ford_Gran_Torino,2,EMEA,MEDIUM
1976_Ford_Gran_Torino,3,Japan,MEDIUM
1976_Ford_Gran_Torino,3,NA,MEDIUM
1976_Ford_Gran_Torino,5,EMEA,LOW
1976_Ford_Gran_Torino,5,EMEA,MEDIUM
1976_Ford_Gran_Torino,7,APAC,MEDIUM
1976_Ford_Gran_Torino,7,NA,MEDIUM
1976_Ford_Gran_Torino,8,NA,MEDIUM
1976_Ford_Gran_Torino,9,NA,MEDIUM
1976_Ford_Gran_Torino,10,EMEA,LOW
1976_Ford_Gran_Torino,10,NA,MEDIUM
1976_Ford_Gran_Torino,11,APAC,MEDIUM
1976_Ford_Gran_Torino,11,APAC,HIGH
1976_Ford_Gran_Torino,11,EMEA,LOW
1976_Ford_Gran_Torino,11,Japan,MEDIUM
1976_Ford_Gran_Torino,12,EMEA,LOW
1976_Ford_Gran_Torino,12,EMEA,MEDIUM
1980s_Black_Hawk_Helicopter,1,EMEA,MEDIUM
1980s_Black_Hawk_Helicopter,1,Japan,MEDIUM
1980s_Black_Hawk_Helicopter,2,EMEA,MEDIUM
1980s_Black_Hawk_Helicopter,2,NA,MEDIUM
1980s_Black_Hawk_Helicopter,3,EMEA,MEDIUM
1980s_Black_Hawk_Helicopter,3,EMEA,MEDIUM
1980s_Black_Hawk_Helicopter,4,EMEA,MEDIUM
1980s_Black_Hawk_Helicopter,4,NA,MEDIUM
1980s_Black_Hawk_Helicopter,5,EMEA,LOW
1980s_Black_Hawk_Helicopter,5,NA,MEDIUM
1980s_Black_Hawk_Helicopter,6,EMEA,MEDIUM
1980s_Black_Hawk_Helicopter,6,NA,LOW
1980s_Black_Hawk_Helicopter,7,NA,MEDIUM
1980s_Black_Hawk_Helicopter,8,EMEA,MEDIUM
1980s_Black_Hawk_Helicopter,8,NA,MEDIUM
1980s_Black_Hawk_Helicopter,9,EMEA,MEDIUM
1980s_Black_Hawk_Helicopter,10,EMEA,MEDIUM
1980s_Black_Hawk_Helicopter,10,NA,MEDIUM
1980s_Black_Hawk_Helicopter,11,EMEA,MEDIUM
1980s_Black_Hawk_Helicopter,11,EMEA,MEDIUM
1980s_Black_Hawk_Helicopter,11,EMEA,MEDIUM
1980s_Black_Hawk_Helicopter,11,EMEA,MEDIUM
1980s_Black_Hawk_Helicopter,11,Japan,MEDIUM
1980s_Black_Hawk_Helicopter,12,EMEA,MEDIUM
1980?s_GM_Manhattan_Express,1,EMEA,MEDIUM
1980?s_GM_Manhattan_Express,1,NA,MEDIUM
1980?s_GM_Manhattan_Express,2,APAC,LOW
1980?s_GM_Manhattan_Express,2,NA,MEDIUM
1980?s_GM_Manhattan_Express,3,NA,MEDIUM
1980?s_GM_Manhattan_Express,4,EMEA,MEDIUM
1980?s_GM_Manhattan_Express,5,EMEA,MEDIUM
1980?s_GM_Manhattan_Express,5,EMEA,MEDIUM
1980?s_GM_Manhattan_Express,5,NA,MEDIUM
1980?s_GM_Manhattan_Express,6,APAC,MEDIUM
1980?s_GM_Manhattan_Express,7,APAC,MEDIUM
1980?s_GM_Manhattan_Express,7,NA,MEDIUM
1980?s_GM_Manhattan_Express,8,NA,MEDIUM
1980?s_GM_Manhattan_Express,9,EMEA,MEDIUM
1980?s_GM_Manhattan_Express,10,EMEA,LOW
1980?s_GM_Manhattan_Express,10,NA,MEDIUM
1980?s_GM_Manhattan_Express,10,NA,MEDIUM
1980?s_GM_Manhattan_Express,11,EMEA,LOW
1980?s_GM_Manhattan_Express,11,EMEA,MEDIUM
1980?s_GM_Manhattan_Express,11,EMEA,MEDIUM
1980?s_GM_Manhattan_Express,11,EMEA,MEDIUM
1980?s_GM_Manhattan_Express,11,NA,LOW
1980?s_GM_Manhattan_Express,11,NA,MEDIUM
1980?s_GM_Manhattan_Express,12,EMEA,MEDIUM
1980?s_GM_Manhattan_Express,12,NA,MEDIUM
1982_Camaro_Z28,1,EMEA,MEDIUM
1982_Camaro_Z28,1,NA,MEDIUM
1982_Camaro_Z28,2,APAC,MEDIUM
1982_Camaro_Z28,2,NA,MEDIUM
1982_Camaro_Z28,3,NA,MEDIUM
1982_Camaro_Z28,4,EMEA,MEDIUM
1982_Camaro_Z28,5,EMEA,MEDIUM
1982_Camaro_Z28,5,EMEA,MEDIUM
1982_Camaro_Z28,5,NA,MEDIUM
1982_Camaro_Z28,6,Japan,MEDIUM
1982_Camaro_Z28,7,APAC,MEDIUM
1982_Camaro_Z28,7,NA,MEDIUM
1982_Camaro_Z28,8,NA,MEDIUM
1982_Camaro_Z28,9,Japan,LOW
1982_Camaro_Z28,10,EMEA,MEDIUM
1982_Camaro_Z28,10,NA,MEDIUM
1982_Camaro_Z28,11,EMEA,MEDIUM
1982_Camaro_Z28,11,EMEA,MEDIUM
1982_Camaro_Z28,11,EMEA,MEDIUM
1982_Camaro_Z28,11,EMEA,MEDIUM
1982_Camaro_Z28,11,NA,LOW
1982_Camaro_Z28,11,NA,MEDIUM
1982_Camaro_Z28,12,EMEA,MEDIUM
1982_Camaro_Z28,12,NA,MEDIUM
1982_Ducati_900_Monster,1,EMEA,LOW
1982_Ducati_900_Monster,1,EMEA,MEDIUM
1982_Ducati_900_Monster,2,EMEA,LOW
1982_Ducati_900_Monster,3,Japan,MEDIUM
1982_Ducati_900_Monster,3,NA,MEDIUM
1982_Ducati_900_Monster,4,EMEA,MEDIUM
1982_Ducati_900_Monster,4,NA,MEDIUM
1982_Ducati_900_Monster,5,EMEA,MEDIUM
1982_Ducati_900_Monster,5,EMEA,MEDIUM
1982_Ducati_900_Monster,6,NA,MEDIUM
1982_Ducati_900_Monster,7,NA,MEDIUM
1982_Ducati_900_Monster,8,NA,MEDIUM
1982_Ducati_900_Monster,8,NA,MEDIUM
1982_Ducati_900_Monster,8,NA,MEDIUM
1982_Ducati_900_Monster,9,EMEA,MEDIUM
1982_Ducati_900_Monster,10,EMEA,LOW
1982_Ducati_900_Monster,10,NA,MEDIUM
1982_Ducati_900_Monster,11,APAC,MEDIUM
1982_Ducati_900_Monster,11,EMEA,MEDIUM
1982_Ducati_900_Monster,11,EMEA,MEDIUM
1982_Ducati_900_Monster,11,Japan,MEDIUM
1982_Ducati_900_Monster,11,NA,MEDIUM
1982_Ducati_900_Monster,12,EMEA,MEDIUM
1982_Ducati_996_R,1,EMEA,MEDIUM
1982_Ducati_996_R,1,EMEA,MEDIUM
1982_Ducati_996_R,2,EMEA,MEDIUM
1982_Ducati_996_R,3,Japan,MEDIUM
1982_Ducati_996_R,3,NA,MEDIUM
1982_Ducati_996_R,4,EMEA,MEDIUM
1982_Ducati_996_R,4,NA,MEDIUM
1982_Ducati_996_R,5,EMEA,MEDIUM
1982_Ducati_996_R,5,EMEA,MEDIUM
1982_Ducati_996_R,6,NA,LOW
1982_Ducati_996_R,7,NA,MEDIUM
1982_Ducati_996_R,8,NA,MEDIUM
1982_Ducati_996_R,8,NA,MEDIUM
1982_Ducati_996_R,8,NA,MEDIUM
1982_Ducati_996_R,9,EMEA,LOW
1982_Ducati_996_R,10,NA,MEDIUM
1982_Ducati_996_R,11,APAC,MEDIUM
1982_Ducati_996_R,11,EMEA,MEDIUM
1982_Ducati_996_R,11,EMEA,MEDIUM
1982_Ducati_996_R,11,NA,MEDIUM
1982_Ducati_996_R,11,NA,MEDIUM
1982_Ducati_996_R,12,EMEA,MEDIUM
1982_Lamborghini_Diablo,1,EMEA,MEDIUM
1982_Lamborghini_Diablo,1,NA,MEDIUM
1982_Lamborghini_Diablo,2,EMEA,MEDIUM
1982_Lamborghini_Diablo,3,NA,MEDIUM
1982_Lamborghini_Diablo,3,NA,MEDIUM
1982_Lamborghini_Diablo,4,EMEA,LOW
1982_Lamborghini_Diablo,5,EMEA,LOW
1982_Lamborghini_Diablo,5,EMEA,MEDIUM
1982_Lamborghini_Diablo,6,EMEA,MEDIUM
1982_Lamborghini_Diablo,7,EMEA,MEDIUM
1982_Lamborghini_Diablo,7,NA,LOW
1982_Lamborghini_Diablo,8,NA,MEDIUM
1982_Lamborghini_Diablo,9,NA,MEDIUM
1982_Lamborghini_Diablo,10,EMEA,MEDIUM
1982_Lamborghini_Diablo,10,NA,MEDIUM
1982_Lamborghini_Diablo,11,APAC,MEDIUM
1982_Lamborghini_Diablo,11,EMEA,MEDIUM
1982_Lamborghini_Diablo,11,NA,MEDIUM
1982_Lamborghini_Diablo,11,NA,MEDIUM
1982_Lamborghini_Diablo,11,NA,MEDIUM
1982_Lamborghini_Diablo,12,EMEA,LOW
1982_Lamborghini_Diablo,12,EMEA,MEDIUM
1992_Ferrari_360_Spider_red,1,APAC,MEDIUM
1992_Ferrari_360_Spider_red,1,EMEA,LOW
1992_Ferrari_360_Spider_red,1,EMEA,MEDIUM
1992_Ferrari_360_Spider_red,1,EMEA,MEDIUM
1992_Ferrari_360_Spider_red,2,EMEA,MEDIUM
1992_Ferrari_360_Spider_red,2,EMEA,MEDIUM
1992_Ferrari_360_Spider_red,3,EMEA,LOW
1992_Ferrari_360_Spider_red,3,NA,LOW
1992_Ferrari_360_Spider_red,3,NA,MEDIUM
1992_Ferrari_360_Spider_red,4,EMEA,MEDIUM
1992_Ferrari_360_Spider_red,4,EMEA,MEDIUM
1992_Ferrari_360_Spider_red,5,EMEA,MEDIUM
1992_Ferrari_360_Spider_red,5,EMEA,MEDIUM
1992_Ferrari_360_Spider_red,5,EMEA,MEDIUM
1992_Ferrari_360_Spider_red,5,EMEA,MEDIUM
1992_Ferrari_360_Spider_red,5,EMEA,HIGH
1992_Ferrari_360_Spider_red,6,APAC,MEDIUM
1992_Ferrari_360_Spider_red,6,EMEA,MEDIUM
1992_Ferrari_360_Spider_red,6,NA,LOW
1992_Ferrari_360_Spider_red,7,EMEA,MEDIUM
1992_Ferrari_360_Spider_red,7,EMEA,MEDIUM
1992_Ferrari_360_Spider_red,7,NA,LOW
1992_Ferrari_360_Spider_red,8,EMEA,MEDIUM
1992_Ferrari_360_Spider_red,8,NA,MEDIUM
1992_Ferrari_360_Spider_red,8,NA,MEDIUM
1992_Ferrari_360_Spider_red,9,APAC,MEDIUM
1992_Ferrari_360_Spider_red,9,EMEA,LOW
1992_Ferrari_360_Spider_red,9,NA,LOW
1992_Ferrari_360_Spider_red,10,EMEA,LOW
1992_Ferrari_360_Spider_red,10,Japan,MEDIUM
1992_Ferrari_360_Spider_red,10,NA,LOW
1992_Ferrari_360_Spider_red,10,NA,MEDIUM
1992_Ferrari_360_Spider_red,10,NA,MEDIUM
1992_Ferrari_360_Spider_red,11,APAC,MEDIUM
1992_Ferrari_360_Spider_red,11,EMEA,MEDIUM
1992_Ferrari_360_Spider_red,11,EMEA,MEDIUM
1992_Ferrari_360_Spider_red,11,EMEA,MEDIUM
1992_Ferrari_360_Spider_red,11,NA,MEDIUM
1992_Ferrari_360_Spider_red,11,NA,MEDIUM
1992_Ferrari_360_Spider_red,11,NA,MEDIUM
1992_Ferrari_360_Spider_red,11,NA,MEDIUM
1992_Ferrari_360_Spider_red,12,EMEA,MEDIUM
1992_Ferrari_360_Spider_red,12,EMEA,MEDIUM
1992_Ferrari_360_Spider_red,12,NA,MEDIUM
1992_Ferrari_360_Spider_red,12,NA,MEDIUM
1992_Porsche_Cayenne_Turbo_Silver,1,EMEA,MEDIUM
1992_Porsche_Cayenne_Turbo_Silver,1,NA,MEDIUM
1992_Porsche_Cayenne_Turbo_Silver,2,EMEA,LOW
1992_Porsche_Cayenne_Turbo_Silver,2,EMEA,MEDIUM
1992_Porsche_Cayenne_Turbo_Silver,3,EMEA,MEDIUM
1992_Porsche_Cayenne_Turbo_Silver,3,EMEA,MEDIUM
1992_Porsche_Cayenne_Turbo_Silver,4,NA,MEDIUM
1992_Porsche_Cayenne_Turbo_Silver,5,EMEA,MEDIUM
1992_Porsche_Cayenne_Turbo_Silver,5,EMEA,MEDIUM
1992_Porsche_Cayenne_Turbo_Silver,6,NA,LOW
1992_Porsche_Cayenne_Turbo_Silver,7,NA,LOW
1992_Porsche_Cayenne_Turbo_Silver,8,EMEA,MEDIUM
1992_Porsche_Cayenne_Turbo_Silver,8,NA,MEDIUM
1992_Porsche_Cayenne_Turbo_Silver,9,APAC,LOW
1992_Porsche_Cayenne_Turbo_Silver,9,NA,MEDIUM
1992_Porsche_Cayenne_Turbo_Silver,10,EMEA,MEDIUM
1992_Porsche_Cayenne_Turbo_Silver,10,Japan,LOW
1992_Porsche_Cayenne_Turbo_Silver,10,NA,MEDIUM
1992_Porsche_Cayenne_Turbo_Silver,11,EMEA,MEDIUM
1992_Porsche_Cayenne_Turbo_Silver,11,EMEA,MEDIUM
1992_Porsche_Cayenne_Turbo_Silver,11,EMEA,MEDIUM
1992_Porsche_Cayenne_Turbo_Silver,11,EMEA,MEDIUM
1992_Porsche_Cayenne_Turbo_Silver,11,NA,MEDIUM
1992_Porsche_Cayenne_Turbo_Silver,12,EMEA,LOW
1992_Porsche_Cayenne_Turbo_Silver,12,NA,LOW
1992_Porsche_Cayenne_Turbo_Silver,12,NA,MEDIUM
1993_Mazda_RX_7,1,EMEA,MEDIUM
1993_Mazda_RX_7,1,NA,MEDIUM
1993_Mazda_RX_7,2,EMEA,MEDIUM
1993_Mazda_RX_7,3,NA,MEDIUM
1993_Mazda_RX_7,3,NA,MEDIUM
1993_Mazda_RX_7,4,Japan,MEDIUM
1993_Mazda_RX_7,5,EMEA,MEDIUM
1993_Mazda_RX_7,5,EMEA,MEDIUM
1993_Mazda_RX_7,6,EMEA,MEDIUM
1993_Mazda_RX_7,7,EMEA,LOW
1993_Mazda_RX_7,7,EMEA,MEDIUM
1993_Mazda_RX_7,8,NA,MEDIUM
1993_Mazda_RX_7,9,APAC,LOW
1993_Mazda_RX_7,10,EMEA,MEDIUM
1993_Mazda_RX_7,10,EMEA,MEDIUM
1993_Mazda_RX_7,11,APAC,MEDIUM
1993_Mazda_RX_7,11,EMEA,MEDIUM
1993_Mazda_RX_7,11,NA,LOW
1993_Mazda_RX_7,11,NA,MEDIUM
1993_Mazda_RX_7,11,NA,MEDIUM
1993_Mazda_RX_7,12,EMEA,MEDIUM
1993_Mazda_RX_7,12,NA,MEDIUM
1995_Honda_Civic,1,EMEA,MEDIUM
1995_Honda_Civic,1,EMEA,MEDIUM
1995_Honda_Civic,2,EMEA,MEDIUM
1995_Honda_Civic,2,NA,LOW
1995_Honda_Civic,3,NA,MEDIUM
1995_Honda_Civic,3,NA,MEDIUM
1995_Honda_Civic,4,Japan,MEDIUM
1995_Honda_Civic,5,EMEA,MEDIUM
1995_Honda_Civic,5,EMEA,MEDIUM
1995_Honda_Civic,6,EMEA,MEDIUM
1995_Honda_Civic,7,EMEA,MEDIUM
1995_Honda_Civic,7,EMEA,MEDIUM
1995_Honda_Civic,8,NA,MEDIUM
1995_Honda_Civic,9,APAC,MEDIUM
1995_Honda_Civic,10,EMEA,MEDIUM
1995_Honda_Civic,10,EMEA,MEDIUM
1995_Honda_Civic,11,APAC,LOW
1995_Honda_Civic,11,EMEA,LOW
1995_Honda_Civic,11,NA,MEDIUM
1995_Honda_Civic,11,NA,MEDIUM
1995_Honda_Civic,11,NA,MEDIUM
1995_Honda_Civic,12,EMEA,MEDIUM
1995_Honda_Civic,12,NA,MEDIUM
1996_Moto_Guzzi_1100i,1,Japan,LOW
1996_Moto_Guzzi_1100i,2,APAC,MEDIUM
1996_Moto_Guzzi_1100i,2,APAC,MEDIUM
1996_Moto_Guzzi_1100i,2,NA,MEDIUM
1996_Moto_Guzzi_1100i,3,NA,MEDIUM
1996_Moto_Guzzi_1100i,4,APAC,MEDIUM
1996_Moto_Guzzi_1100i,4,EMEA,MEDIUM
1996_Moto_Guzzi_1100i,4,NA,LOW
1996_Moto_Guzzi_1100i,5,EMEA,MEDIUM
1996_Moto_Guzzi_1100i,5,NA,MEDIUM
1996_Moto_Guzzi_1100i,6,NA,MEDIUM
1996_Moto_Guzzi_1100i,7,EMEA,LOW
1996_Moto_Guzzi_1100i,7,EMEA,MEDIUM
1996_Moto_Guzzi_1100i,8,NA,MEDIUM
1996_Moto_Guzzi_1100i,8,NA,MEDIUM
1996_Moto_Guzzi_1100i,9,EMEA,MEDIUM
1996_Moto_Guzzi_1100i,10,NA,MEDIUM
1996_Moto_Guzzi_1100i,10,NA,MEDIUM
1996_Moto_Guzzi_1100i,10,NA,MEDIUM
1996_Moto_Guzzi_1100i,11,EMEA,MEDIUM
1996_Moto_Guzzi_1100i,11,Japan,MEDIUM
1996_Moto_Guzzi_1100i,11,NA,LOW
1996_Moto_Guzzi_1100i,11,NA,MEDIUM
1996_Moto_Guzzi_1100i,12,APAC,MEDIUM
1996_Moto_Guzzi_1100i,12,NA,LOW
1996_Peterbilt_379_Stake_Bed_with_Outrigger,1,APAC,MEDIUM
1996_Peterbilt_379_Stake_Bed_with_Outrigger,1,EMEA,MEDIUM
1996_Peterbilt_379_Stake_Bed_with_Outrigger,2,APAC,MEDIUM
1996_Peterbilt_379_Stake_Bed_with_Outrigger,2,NA,MEDIUM
1996_Peterbilt_379_Stake_Bed_with_Outrigger,3,NA,LOW
1996_Peterbilt_379_Stake_Bed_with_Outrigger,3,NA,MEDIUM
1996_Peterbilt_379_Stake_Bed_with_Outrigger,5,EMEA,MEDIUM
1996_Peterbilt_379_Stake_Bed_with_Outrigger,5,EMEA,MEDIUM
1996_Peterbilt_379_Stake_Bed_with_Outrigger,5,NA,MEDIUM
1996_Peterbilt_379_Stake_Bed_with_Outrigger,6,Japan,LOW
1996_Peterbilt_379_Stake_Bed_with_Outrigger,7,APAC,LOW
1996_Peterbilt_379_Stake_Bed_with_Outrigger,7,NA,MEDIUM
1996_Peterbilt_379_Stake_Bed_with_Outrigger,8,NA,MEDIUM
1996_Peterbilt_379_Stake_Bed_with_Outrigger,9,Japan,MEDIUM
1996_Peterbilt_379_Stake_Bed_with_Outrigger,10,EMEA,MEDIUM
1996_Peterbilt_379_Stake_Bed_with_Outrigger,10,NA,MEDIUM
1996_Peterbilt_379_Stake_Bed_with_Outrigger,11,EMEA,MEDIUM
1996_Peterbilt_379_Stake_Bed_with_Outrigger,11,EMEA,MEDIUM
1996_Peterbilt_379_Stake_Bed_with_Outrigger,11,EMEA,MEDIUM
1996_Peterbilt_379_Stake_Bed_with_Outrigger,11,NA,MEDIUM
1996_Peterbilt_379_Stake_Bed_with_Outrigger,11,NA,MEDIUM
1996_Peterbilt_379_Stake_Bed_with_Outrigger,11,NA,MEDIUM
1996_Peterbilt_379_Stake_Bed_with_Outrigger,12,EMEA,MEDIUM
1996_Peterbilt_379_Stake_Bed_with_Outrigger,12,NA,MEDIUM
1997_BMW_F650_ST,1,EMEA,MEDIUM
1997_BMW_F650_ST,1,Japan,MEDIUM
1997_BMW_F650_ST,2,APAC,LOW
1997_BMW_F650_ST,2,EMEA,MEDIUM
1997_BMW_F650_ST,2,NA,LOW
1997_BMW_F650_ST,3,Japan,MEDIUM
1997_BMW_F650_ST,4,APAC,LOW
1997_BMW_F650_ST,4,NA,MEDIUM
1997_BMW_F650_ST,4,NA,MEDIUM
1997_BMW_F650_ST,5,EMEA,MEDIUM
1997_BMW_F650_ST,5,NA,MEDIUM
1997_BMW_F650_ST,6,EMEA,LOW
1997_BMW_F650_ST,6,NA,MEDIUM
1997_BMW_F650_ST,7,EMEA,LOW
1997_BMW_F650_ST,8,NA,MEDIUM
1997_BMW_F650_ST,8,NA,MEDIUM
1997_BMW_F650_ST,9,EMEA,MEDIUM
1997_BMW_F650_ST,10,NA,LOW
1997_BMW_F650_ST,10,NA,MEDIUM
1997_BMW_F650_ST,11,EMEA,MEDIUM
1997_BMW_F650_ST,11,NA,MEDIUM
1997_BMW_F650_ST,11,NA,MEDIUM
1997_BMW_F650_ST,12,NA,MEDIUM
1997_BMW_R_1100_S,1,EMEA,MEDIUM
1997_BMW_R_1100_S,1,NA,MEDIUM
1997_BMW_R_1100_S,2,APAC,MEDIUM
1997_BMW_R_1100_S,2,APAC,MEDIUM
1997_BMW_R_1100_S,2,NA,MEDIUM
1997_BMW_R_1100_S,4,APAC,MEDIUM
1997_BMW_R_1100_S,4,EMEA,MEDIUM
1997_BMW_R_1100_S,4,NA,LOW
1997_BMW_R_1100_S,5,EMEA,MEDIUM
1997_BMW_R_1100_S,5,NA,MEDIUM
1997_BMW_R_1100_S,6,NA,MEDIUM
1997_BMW_R_1100_S,7,EMEA,LOW
1997_BMW_R_1100_S,7,EMEA,MEDIUM
1997_BMW_R_1100_S,8,NA,MEDIUM
1997_BMW_R_1100_S,8,NA,MEDIUM
1997_BMW_R_1100_S,9,EMEA,MEDIUM
1997_BMW_R_1100_S,10,EMEA,LOW
1997_BMW_R_1100_S,10,NA,MEDIUM
1997_BMW_R_1100_S,10,NA,MEDIUM
1997_BMW_R_1100_S,11,EMEA,MEDIUM
1997_BMW_R_1100_S,11,Japan,MEDIUM
1997_BMW_R_1100_S,11,NA,MEDIUM
1997_BMW_R_1100_S,11,NA,MEDIUM
1997_BMW_R_1100_S,12,NA,MEDIUM
1998_Chrysler_Plymouth_Prowler,1,EMEA,LOW
1998_Chrysler_Plymouth_Prowler,1,NA,MEDIUM
1998_Chrysler_Plymouth_Prowler,2,NA,MEDIUM
1998_Chrysler_Plymouth_Prowler,2,NA,MEDIUM
1998_Chrysler_Plymouth_Prowler,3,EMEA,MEDIUM
1998_Chrysler_Plymouth_Prowler,4,NA,MEDIUM
1998_Chrysler_Plymouth_Prowler,5,EMEA,MEDIUM
1998_Chrysler_Plymouth_Prowler,5,EMEA,MEDIUM
1998_Chrysler_Plymouth_Prowler,5,EMEA,MEDIUM
1998_Chrysler_Plymouth_Prowler,6,APAC,MEDIUM
1998_Chrysler_Plymouth_Prowler,6,NA,MEDIUM
1998_Chrysler_Plymouth_Prowler,7,NA,MEDIUM
1998_Chrysler_Plymouth_Prowler,8,EMEA,MEDIUM
1998_Chrysler_Plymouth_Prowler,8,NA,LOW
1998_Chrysler_Plymouth_Prowler,9,EMEA,MEDIUM
1998_Chrysler_Plymouth_Prowler,9,NA,MEDIUM
1998_Chrysler_Plymouth_Prowler,10,EMEA,MEDIUM
1998_Chrysler_Plymouth_Prowler,10,Japan,MEDIUM
1998_Chrysler_Plymouth_Prowler,10,NA,MEDIUM
1998_Chrysler_Plymouth_Prowler,11,EMEA,LOW
1998_Chrysler_Plymouth_Prowler,11,EMEA,MEDIUM
1998_Chrysler_Plymouth_Prowler,11,EMEA,MEDIUM
1998_Chrysler_Plymouth_Prowler,11,NA,MEDIUM
1998_Chrysler_Plymouth_Prowler,11,NA,MEDIUM
1998_Chrysler_Plymouth_Prowler,12,EMEA,LOW
1998_Chrysler_Plymouth_Prowler,12,NA,MEDIUM
1998_Chrysler_Plymouth_Prowler,12,NA,MEDIUM
1999_Indy_500_Monte_Carlo_SS,1,EMEA,MEDIUM
1999_Indy_500_Monte_Carlo_SS,1,EMEA,MEDIUM
1999_Indy_500_Monte_Carlo_SS,2,EMEA,MEDIUM
1999_Indy_500_Monte_Carlo_SS,2,NA,LOW
1999_Indy_500_Monte_Carlo_SS,3,NA,MEDIUM
1999_Indy_500_Monte_Carlo_SS,4,NA,MEDIUM
1999_Indy_500_Monte_Carlo_SS,5,EMEA,MEDIUM
1999_Indy_500_Monte_Carlo_SS,5,EMEA,HIGH
1999_Indy_500_Monte_Carlo_SS,6,EMEA,MEDIUM
1999_Indy_500_Monte_Carlo_SS,7,EMEA,LOW
1999_Indy_500_Monte_Carlo_SS,7,EMEA,MEDIUM
1999_Indy_500_Monte_Carlo_SS,8,NA,MEDIUM
1999_Indy_500_Monte_Carlo_SS,9,APAC,MEDIUM
1999_Indy_500_Monte_Carlo_SS,10,EMEA,LOW
1999_Indy_500_Monte_Carlo_SS,10,EMEA,LOW
1999_Indy_500_Monte_Carlo_SS,10,EMEA,MEDIUM
1999_Indy_500_Monte_Carlo_SS,11,EMEA,MEDIUM
1999_Indy_500_Monte_Carlo_SS,11,EMEA,MEDIUM
1999_Indy_500_Monte_Carlo_SS,11,NA,MEDIUM
1999_Indy_500_Monte_Carlo_SS,11,NA,MEDIUM
1999_Indy_500_Monte_Carlo_SS,11,NA,MEDIUM
1999_Indy_500_Monte_Carlo_SS,11,NA,MEDIUM
1999_Indy_500_Monte_Carlo_SS,12,NA,MEDIUM
1999_Yamaha_Speed_Boat,1,EMEA,LOW
1999_Yamaha_Speed_Boat,1,NA,MEDIUM
1999_Yamaha_Speed_Boat,2,EMEA,MEDIUM
1999_Yamaha_Speed_Boat,2,NA,MEDIUM
1999_Yamaha_Speed_Boat,3,EMEA,MEDIUM
1999_Yamaha_Speed_Boat,3,EMEA,MEDIUM
1999_Yamaha_Speed_Boat,4,EMEA,LOW
1999_Yamaha_Speed_Boat,4,NA,MEDIUM
1999_Yamaha_Speed_Boat,5,NA,LOW
1999_Yamaha_Speed_Boat,5,NA,MEDIUM
1999_Yamaha_Speed_Boat,6,EMEA,MEDIUM
1999_Yamaha_Speed_Boat,6,NA,MEDIUM
1999_Yamaha_Speed_Boat,7,EMEA,MEDIUM
1999_Yamaha_Speed_Boat,8,NA,LOW
1999_Yamaha_Speed_Boat,8,NA,MEDIUM
1999_Yamaha_Speed_Boat,9,EMEA,LOW
1999_Yamaha_Speed_Boat,10,EMEA,MEDIUM
1999_Yamaha_Speed_Boat,10,NA,MEDIUM
1999_Yamaha_Speed_Boat,11,EMEA,LOW
1999_Yamaha_Speed_Boat,11,EMEA,MEDIUM
1999_Yamaha_Speed_Boat,11,EMEA,MEDIUM
1999_Yamaha_Speed_Boat,11,EMEA,MEDIUM
1999_Yamaha_Speed_Boat,12,EMEA,MEDIUM
2001_Ferrari_Enzo,1,EMEA,MEDIUM
2001_Ferrari_Enzo,1,NA,MEDIUM
2001_Ferrari_Enzo,2,EMEA,MEDIUM
2001_Ferrari_Enzo,2,NA,MEDIUM
2001_Ferrari_Enzo,3,EMEA,MEDIUM
2001_Ferrari_Enzo,3,EMEA,MEDIUM
2001_Ferrari_Enzo,4,Japan,MEDIUM
2001_Ferrari_Enzo,5,EMEA,MEDIUM
2001_Ferrari_Enzo,5,NA,MEDIUM
2001_Ferrari_Enzo,6,NA,MEDIUM
2001_Ferrari_Enzo,7,NA,MEDIUM
2001_Ferrari_Enzo,8,NA,MEDIUM
2001_Ferrari_Enzo,8,NA,MEDIUM
2001_Ferrari_Enzo,9,EMEA,LOW
2001_Ferrari_Enzo,9,EMEA,MEDIUM
2001_Ferrari_Enzo,10,EMEA,MEDIUM
2001_Ferrari_Enzo,10,EMEA,MEDIUM
2001_Ferrari_Enzo,10,Japan,MEDIUM
2001_Ferrari_Enzo,11,EMEA,MEDIUM
2001_Ferrari_Enzo,11,EMEA,MEDIUM
2001_Ferrari_Enzo,11,EMEA,MEDIUM
2001_Ferrari_Enzo,11,NA,LOW
2001_Ferrari_Enzo,11,NA,MEDIUM
2001_Ferrari_Enzo,12,EMEA,MEDIUM
2002_Chevy_Corvette,1,EMEA,MEDIUM
2002_Chevy_Corvette,1,NA,LOW
2002_Chevy_Corvette,2,EMEA,MEDIUM
2002_Chevy_Corvette,2,NA,MEDIUM
2002_Chevy_Corvette,3,EMEA,MEDIUM
2002_Chevy_Corvette,4,NA,MEDIUM
2002_Chevy_Corvette,5,APAC,MEDIUM
2002_Chevy_Corvette,5,NA,MEDIUM
2002_Chevy_Corvette,7,NA,MEDIUM
2002_Chevy_Corvette,8,EMEA,MEDIUM
2002_Chevy_Corvette,9,APAC,MEDIUM
2002_Chevy_Corvette,9,APAC,MEDIUM
2002_Chevy_Corvette,10,EMEA,LOW
2002_Chevy_Corvette,10,EMEA,MEDIUM
2002_Chevy_Corvette,10,EMEA,MEDIUM
2002_Chevy_Corvette,11,EMEA,MEDIUM
2002_Chevy_Corvette,11,NA,LOW
2002_Chevy_Corvette,11,NA,LOW
2002_Chevy_Corvette,11,NA,MEDIUM
2002_Chevy_Corvette,11,NA,MEDIUM
2002_Chevy_Corvette,11,NA,MEDIUM
2002_Chevy_Corvette,12,NA,MEDIUM
2002_Suzuki_XREO,1,EMEA,MEDIUM
2002_Suzuki_XREO,1,NA,LOW
2002_Suzuki_XREO,2,EMEA,MEDIUM
2002_Suzuki_XREO,2,NA,LOW
2002_Suzuki_XREO,3,NA,MEDIUM
2002_Suzuki_XREO,4,EMEA,HIGH
2002_Suzuki_XREO,4,NA,MEDIUM
2002_Suzuki_XREO,5,EMEA,LOW
2002_Suzuki_XREO,5,EMEA,MEDIUM
2002_Suzuki_XREO,5,NA,MEDIUM
2002_Suzuki_XREO,6,NA,MEDIUM
2002_Suzuki_XREO,7,EMEA,LOW
2002_Suzuki_XREO,8,NA,MEDIUM
2002_Suzuki_XREO,8,NA,MEDIUM
2002_Suzuki_XREO,9,EMEA,LOW
2002_Suzuki_XREO,10,EMEA,MEDIUM
2002_Suzuki_XREO,10,NA,MEDIUM
2002_Suzuki_XREO,11,APAC,MEDIUM
2002_Suzuki_XREO,11,EMEA,HIGH
2002_Suzuki_XREO,11,NA,LOW
2002_Suzuki_XREO,11,NA,MEDIUM
2002_Suzuki_XREO,11,NA,MEDIUM
2002_Suzuki_XREO,12,NA,MEDIUM
2002_Yamaha_YZR_M1,1,EMEA,MEDIUM
2002_Yamaha_YZR_M1,1,NA,MEDIUM
2002_Yamaha_YZR_M1,2,EMEA,MEDIUM
2002_Yamaha_YZR_M1,3,Japan,MEDIUM
2002_Yamaha_YZR_M1,3,NA,LOW
2002_Yamaha_YZR_M1,4,EMEA,MEDIUM
2002_Yamaha_YZR_M1,4,NA,LOW
2002_Yamaha_YZR_M1,5,EMEA,MEDIUM
2002_Yamaha_YZR_M1,5,EMEA,MEDIUM
2002_Yamaha_YZR_M1,6,NA,MEDIUM
2002_Yamaha_YZR_M1,7,NA,MEDIUM
2002_Yamaha_YZR_M1,8,NA,LOW
2002_Yamaha_YZR_M1,8,NA,MEDIUM
2002_Yamaha_YZR_M1,8,NA,MEDIUM
2002_Yamaha_YZR_M1,9,EMEA,MEDIUM
2002_Yamaha_YZR_M1,10,EMEA,MEDIUM
2002_Yamaha_YZR_M1,10,NA,MEDIUM
2002_Yamaha_YZR_M1,11,APAC,MEDIUM
2002_Yamaha_YZR_M1,11,EMEA,MEDIUM
2002_Yamaha_YZR_M1,11,EMEA,MEDIUM
2002_Yamaha_YZR_M1,11,NA,LOW
2002_Yamaha_YZR_M1,11,NA,MEDIUM
2002_Yamaha_YZR_M1,12,EMEA,MEDIUM
2003_Harley_Davidson_Eagle_Drag_Bike,1,Japan,MEDIUM
2003_Harley_Davidson_Eagle_Drag_Bike,1,NA,LOW
2003_Harley_Davidson_Eagle_Drag_Bike,2,APAC,LOW
2003_Harley_Davidson_Eagle_Drag_Bike,2,APAC,MEDIUM
2003_Harley_Davidson_Eagle_Drag_Bike,2,NA,MEDIUM
2003_Harley_Davidson_Eagle_Drag_Bike,3,NA,LOW
2003_Harley_Davidson_Eagle_Drag_Bike,4,APAC,MEDIUM
2003_Harley_Davidson_Eagle_Drag_Bike,4,EMEA,HIGH
2003_Harley_Davidson_Eagle_Drag_Bike,4,NA,MEDIUM
2003_Harley_Davidson_Eagle_Drag_Bike,5,EMEA,HIGH
2003_Harley_Davidson_Eagle_Drag_Bike,5,NA,MEDIUM
2003_Harley_Davidson_Eagle_Drag_Bike,6,NA,MEDIUM
2003_Harley_Davidson_Eagle_Drag_Bike,7,EMEA,MEDIUM
2003_Harley_Davidson_Eagle_Drag_Bike,7,EMEA,MEDIUM
2003_Harley_Davidson_Eagle_Drag_Bike,8,NA,MEDIUM
2003_Harley_Davidson_Eagle_Drag_Bike,8,NA,MEDIUM
2003_Harley_Davidson_Eagle_Drag_Bike,9,EMEA,MEDIUM
2003_Harley_Davidson_Eagle_Drag_Bike,10,NA,LOW
2003_Harley_Davidson_Eagle_Drag_Bike,10,NA,LOW
2003_Harley_Davidson_Eagle_Drag_Bike,11,EMEA,MEDIUM
2003_Harley_Davidson_Eagle_Drag_Bike,11,Japan,MEDIUM
2003_Harley_Davidson_Eagle_Drag_Bike,11,NA,MEDIUM
2003_Harley_Davidson_Eagle_Drag_Bike,11,NA,MEDIUM
2003_Harley_Davidson_Eagle_Drag_Bike,12,NA,MEDIUM
ATA:_B757_300,1,Japan,MEDIUM
ATA:_B757_300,2,APAC,MEDIUM
ATA:_B757_300,2,EMEA,MEDIUM
ATA:_B757_300,2,EMEA,MEDIUM
ATA:_B757_300,3,EMEA,LOW
ATA:_B757_300,3,NA,MEDIUM
ATA:_B757_300,4,APAC,LOW
ATA:_B757_300,4,NA,LOW
ATA:_B757_300,4,NA,MEDIUM
ATA:_B757_300,5,EMEA,MEDIUM
ATA:_B757_300,5,NA,MEDIUM
ATA:_B757_300,6,EMEA,MEDIUM
ATA:_B757_300,6,NA,MEDIUM
ATA:_B757_300,7,EMEA,MEDIUM
ATA:_B757_300,8,NA,LOW
ATA:_B757_300,8,NA,MEDIUM
ATA:_B757_300,9,EMEA,MEDIUM
ATA:_B757_300,10,NA,MEDIUM
ATA:_B757_300,10,NA,MEDIUM
ATA:_B757_300,11,EMEA,MEDIUM
ATA:_B757_300,11,EMEA,MEDIUM
ATA:_B757_300,11,NA,MEDIUM
ATA:_B757_300,12,APAC,MEDIUM
ATA:_B757_300,12,NA,MEDIUM
America_West_Airlines_B757_200,1,Japan,MEDIUM
America_West_Airlines_B757_200,2,EMEA,MEDIUM
America_West_Airlines_B757_200,2,EMEA,MEDIUM
America_West_Airlines_B757_200,2,NA,MEDIUM
America_West_Airlines_B757_200,3,EMEA,LOW
America_West_Airlines_B757_200,3,EMEA,MEDIUM
America_West_Airlines_B757_200,4,APAC,LOW
America_West_Airlines_B757_200,4,NA,MEDIUM
America_West_Airlines_B757_200,4,NA,HIGH
America_West_Airlines_B757_200,5,EMEA,LOW
America_West_Airlines_B757_200,5,NA,MEDIUM
America_West_Airlines_B757_200,6,EMEA,MEDIUM
America_West_Airlines_B757_200,6,NA,MEDIUM
America_West_Airlines_B757_200,7,EMEA,MEDIUM
America_West_Airlines_B757_200,8,EMEA,MEDIUM
America_West_Airlines_B757_200,8,NA,MEDIUM
America_West_Airlines_B757_200,9,EMEA,LOW
America_West_Airlines_B757_200,10,EMEA,LOW
America_West_Airlines_B757_200,10,NA,MEDIUM
America_West_Airlines_B757_200,10,NA,MEDIUM
America_West_Airlines_B757_200,11,EMEA,LOW
America_West_Airlines_B757_200,11,EMEA,LOW
America_West_Airlines_B757_200,11,EMEA,MEDIUM
America_West_Airlines_B757_200,11,Japan,MEDIUM
America_West_Airlines_B757_200,12,APAC,MEDIUM
America_West_Airlines_B757_200,12,NA,MEDIUM
American_Airlines:_B767_300,1,Japan,LOW
American_Airlines:_B767_300,2,APAC,MEDIUM
American_Airlines:_B767_300,2,EMEA,MEDIUM
American_Airlines:_B767_300,2,EMEA,MEDIUM
American_Airlines:_B767_300,3,EMEA,MEDIUM
American_Airlines:_B767_300,3,NA,MEDIUM
American_Airlines:_B767_300,4,APAC,MEDIUM
American_Airlines:_B767_300,4,NA,LOW
American_Airlines:_B767_300,4,NA,MEDIUM
American_Airlines:_B767_300,5,EMEA,LOW
American_Airlines:_B767_300,5,NA,MEDIUM
American_Airlines:_B767_300,6,EMEA,LOW
American_Airlines:_B767_300,6,EMEA,MEDIUM
American_Airlines:_B767_300,7,EMEA,MEDIUM
American_Airlines:_B767_300,8,EMEA,LOW
American_Airlines:_B767_300,8,NA,MEDIUM
American_Airlines:_B767_300,9,EMEA,MEDIUM
American_Airlines:_B767_300,10,EMEA,MEDIUM
American_Airlines:_B767_300,10,NA,LOW
American_Airlines:_B767_300,10,NA,MEDIUM
American_Airlines:_B767_300,11,EMEA,MEDIUM
American_Airlines:_B767_300,11,EMEA,MEDIUM
American_Airlines:_B767_300,12,APAC,LOW
American_Airlines:_B767_300,12,NA,MEDIUM
American_Airlines:_B767_300,12,NA,MEDIUM
American_Airlines:_MD_11S,1,EMEA,MEDIUM
American_Airlines:_MD_11S,1,Japan,MEDIUM
American_Airlines:_MD_11S,2,EMEA,MEDIUM
American_Airlines:_MD_11S,2,NA,MEDIUM
American_Airlines:_MD_11S,3,EMEA,MEDIUM
American_Airlines:_MD_11S,3,EMEA,MEDIUM
American_Airlines:_MD_11S,4,EMEA,MEDIUM
American_Airlines:_MD_11S,4,NA,MEDIUM
American_Airlines:_MD_11S,4,NA,MEDIUM
American_Airlines:_MD_11S,5,EMEA,MEDIUM
American_Airlines:_MD_11S,5,NA,MEDIUM
American_Airlines:_MD_11S,6,EMEA,MEDIUM
American_Airlines:_MD_11S,6,NA,MEDIUM
American_Airlines:_MD_11S,7,EMEA,MEDIUM
American_Airlines:_MD_11S,8,EMEA,MEDIUM
American_Airlines:_MD_11S,8,NA,MEDIUM
American_Airlines:_MD_11S,9,EMEA,MEDIUM
American_Airlines:_MD_11S,10,EMEA,MEDIUM
American_Airlines:_MD_11S,10,NA,MEDIUM
American_Airlines:_MD_11S,11,EMEA,MEDIUM
American_Airlines:_MD_11S,11,EMEA,MEDIUM
American_Airlines:_MD_11S,11,EMEA,MEDIUM
American_Airlines:_MD_11S,11,Japan,MEDIUM
American_Airlines:_MD_11S,11,Japan,MEDIUM
American_Airlines:_MD_11S,12,APAC,MEDIUM
American_Airlines:_MD_11S,12,NA,LOW
Boeing_X_32A_JSF,1,EMEA,MEDIUM
Boeing_X_32A_JSF,1,NA,MEDIUM
Boeing_X_32A_JSF,2,EMEA,MEDIUM
Boeing_X_32A_JSF,2,NA,MEDIUM
Boeing_X_32A_JSF,3,EMEA,MEDIUM
Boeing_X_32A_JSF,3,EMEA,MEDIUM
Boeing_X_32A_JSF,4,EMEA,MEDIUM
Boeing_X_32A_JSF,4,NA,LOW
Boeing_X_32A_JSF,5,APAC,MEDIUM
Boeing_X_32A_JSF,5,NA,MEDIUM
Boeing_X_32A_JSF,6,EMEA,LOW
Boeing_X_32A_JSF,6,NA,LOW
Boeing_X_32A_JSF,7,NA,MEDIUM
Boeing_X_32A_JSF,8,NA,MEDIUM
Boeing_X_32A_JSF,8,NA,MEDIUM
Boeing_X_32A_JSF,9,EMEA,LOW
Boeing_X_32A_JSF,10,EMEA,MEDIUM
Boeing_X_32A_JSF,10,NA,MEDIUM
Boeing_X_32A_JSF,11,EMEA,MEDIUM
Boeing_X_32A_JSF,11,EMEA,MEDIUM
Boeing_X_32A_JSF,11,EMEA,MEDIUM
Boeing_X_32A_JSF,11,Japan,MEDIUM
Boeing_X_32A_JSF,11,NA,MEDIUM
Boeing_X_32A_JSF,12,APAC,LOW
Boeing_X_32A_JSF,12,NA,MEDIUM
Collectable_Wooden_Train,1,EMEA,MEDIUM
Collectable_Wooden_Train,1,Japan,MEDIUM
Collectable_Wooden_Train,2,EMEA,LOW
Collectable_Wooden_Train,2,EMEA,MEDIUM
Collectable_Wooden_Train,3,EMEA,MEDIUM
Collectable_Wooden_Train,3,NA,LOW
Collectable_Wooden_Train,4,Japan,LOW
Collectable_Wooden_Train,5,NA,MEDIUM
Collectable_Wooden_Train,5,NA,MEDIUM
Collectable_Wooden_Train,6,EMEA,MEDIUM
Collectable_Wooden_Train,7,EMEA,MEDIUM
Collectable_Wooden_Train,8,NA,LOW
Collectable_Wooden_Train,8,NA,MEDIUM
Collectable_Wooden_Train,9,EMEA,LOW
Collectable_Wooden_Train,9,EMEA,MEDIUM
Collectable_Wooden_Train,10,EMEA,LOW
Collectable_Wooden_Train,10,EMEA,MEDIUM
Collectable_Wooden_Train,10,Japan,MEDIUM
Collectable_Wooden_Train,11,EMEA,LOW
Collectable_Wooden_Train,11,EMEA,MEDIUM
Collectable_Wooden_Train,11,NA,MEDIUM
Collectable_Wooden_Train,11,NA,MEDIUM
Collectable_Wooden_Train,12,EMEA,MEDIUM
Corsair_F4U_(_Bird_Cage),1,EMEA,MEDIUM
Corsair_F4U_(_Bird_Cage),1,Japan,MEDIUM
Corsair_F4U_(_Bird_Cage),2,EMEA,MEDIUM
Corsair_F4U_(_Bird_Cage),2,NA,MEDIUM
Corsair_F4U_(_Bird_Cage),3,EMEA,MEDIUM
Corsair_F4U_(_Bird_Cage),4,EMEA,MEDIUM
Corsair_F4U_(_Bird_Cage),4,NA,MEDIUM
Corsair_F4U_(_Bird_Cage),4,NA,HIGH
Corsair_F4U_(_Bird_Cage),5,EMEA,LOW
Corsair_F4U_(_Bird_Cage),5,NA,MEDIUM
Corsair_F4U_(_Bird_Cage),6,EMEA,MEDIUM
Corsair_F4U_(_Bird_Cage),6,NA,MEDIUM
Corsair_F4U_(_Bird_Cage),7,EMEA,MEDIUM
Corsair_F4U_(_Bird_Cage),8,EMEA,LOW
Corsair_F4U_(_Bird_Cage),8,NA,MEDIUM
Corsair_F4U_(_Bird_Cage),9,EMEA,MEDIUM
Corsair_F4U_(_Bird_Cage),10,EMEA,MEDIUM
Corsair_F4U_(_Bird_Cage),10,NA,MEDIUM
Corsair_F4U_(_Bird_Cage),10,NA,MEDIUM
Corsair_F4U_(_Bird_Cage),11,EMEA,MEDIUM
Corsair_F4U_(_Bird_Cage),11,EMEA,MEDIUM
Corsair_F4U_(_Bird_Cage),11,Japan,MEDIUM
Corsair_F4U_(_Bird_Cage),11,Japan,MEDIUM
Corsair_F4U_(_Bird_Cage),12,APAC,MEDIUM
Corsair_F4U_(_Bird_Cage),12,EMEA,MEDIUM
Diamond_T620_Semi_Skirted_Tanker,1,EMEA,MEDIUM
Diamond_T620_Semi_Skirted_Tanker,1,NA,MEDIUM
Diamond_T620_Semi_Skirted_Tanker,2,EMEA,MEDIUM
Diamond_T620_Semi_Skirted_Tanker,2,EMEA,MEDIUM
Diamond_T620_Semi_Skirted_Tanker,3,EMEA,MEDIUM
Diamond_T620_Semi_Skirted_Tanker,3,EMEA,MEDIUM
Diamond_T620_Semi_Skirted_Tanker,4,NA,MEDIUM
Diamond_T620_Semi_Skirted_Tanker,5,EMEA,LOW
Diamond_T620_Semi_Skirted_Tanker,5,EMEA,LOW
Diamond_T620_Semi_Skirted_Tanker,5,EMEA,MEDIUM
Diamond_T620_Semi_Skirted_Tanker,6,APAC,MEDIUM
Diamond_T620_Semi_Skirted_Tanker,6,NA,MEDIUM
Diamond_T620_Semi_Skirted_Tanker,7,NA,MEDIUM
Diamond_T620_Semi_Skirted_Tanker,8,EMEA,MEDIUM
Diamond_T620_Semi_Skirted_Tanker,8,NA,MEDIUM
Diamond_T620_Semi_Skirted_Tanker,9,EMEA,MEDIUM
Diamond_T620_Semi_Skirted_Tanker,9,NA,MEDIUM
Diamond_T620_Semi_Skirted_Tanker,10,EMEA,MEDIUM
Diamond_T620_Semi_Skirted_Tanker,10,Japan,MEDIUM
Diamond_T620_Semi_Skirted_Tanker,10,NA,MEDIUM
Diamond_T620_Semi_Skirted_Tanker,11,EMEA,LOW
Diamond_T620_Semi_Skirted_Tanker,11,EMEA,MEDIUM
Diamond_T620_Semi_Skirted_Tanker,11,EMEA,MEDIUM
Diamond_T620_Semi_Skirted_Tanker,11,NA,MEDIUM
Diamond_T620_Semi_Skirted_Tanker,12,EMEA,MEDIUM
Diamond_T620_Semi_Skirted_Tanker,12,EMEA,MEDIUM
Diamond_T620_Semi_Skirted_Tanker,12,NA,MEDIUM
F/A_18_Hornet_1/72,1,Japan,MEDIUM
F/A_18_Hornet_1/72,2,APAC,MEDIUM
F/A_18_Hornet_1/72,2,EMEA,MEDIUM
F/A_18_Hornet_1/72,3,EMEA,MEDIUM
F/A_18_Hornet_1/72,3,EMEA,MEDIUM
F/A_18_Hornet_1/72,4,APAC,MEDIUM
F/A_18_Hornet_1/72,4,NA,MEDIUM
F/A_18_Hornet_1/72,4,NA,HIGH
F/A_18_Hornet_1/72,5,EMEA,MEDIUM
F/A_18_Hornet_1/72,5,NA,MEDIUM
F/A_18_Hornet_1/72,6,EMEA,MEDIUM
F/A_18_Hornet_1/72,7,EMEA,MEDIUM
F/A_18_Hornet_1/72,8,EMEA,MEDIUM
F/A_18_Hornet_1/72,8,NA,MEDIUM
F/A_18_Hornet_1/72,9,EMEA,LOW
F/A_18_Hornet_1/72,10,EMEA,MEDIUM
F/A_18_Hornet_1/72,10,NA,LOW
F/A_18_Hornet_1/72,10,NA,MEDIUM
F/A_18_Hornet_1/72,11,EMEA,MEDIUM
F/A_18_Hornet_1/72,11,EMEA,MEDIUM
F/A_18_Hornet_1/72,11,EMEA,MEDIUM
F/A_18_Hornet_1/72,12,APAC,MEDIUM
F/A_18_Hornet_1/72,12,NA,MEDIUM
F/A_18_Hornet_1/72,12,NA,MEDIUM
HMS_Bounty,1,EMEA,MEDIUM
HMS_Bounty,1,NA,MEDIUM
HMS_Bounty,2,EMEA,MEDIUM
HMS_Bounty,2,NA,MEDIUM
HMS_Bounty,3,EMEA,MEDIUM
HMS_Bounty,3,EMEA,MEDIUM
HMS_Bounty,4,EMEA,MEDIUM
HMS_Bounty,4,NA,MEDIUM
HMS_Bounty,5,APAC,MEDIUM
HMS_Bounty,5,NA,MEDIUM
HMS_Bounty,6,EMEA,MEDIUM
HMS_Bounty,6,NA,LOW
HMS_Bounty,7,NA,LOW
HMS_Bounty,8,NA,LOW
HMS_Bounty,8,NA,MEDIUM
HMS_Bounty,9,EMEA,MEDIUM
HMS_Bounty,10,EMEA,MEDIUM
HMS_Bounty,10,NA,MEDIUM
HMS_Bounty,11,EMEA,LOW
HMS_Bounty,11,EMEA,MEDIUM
HMS_Bounty,11,EMEA,MEDIUM
HMS_Bounty,11,EMEA,MEDIUM
HMS_Bounty,11,Japan,HIGH
HMS_Bounty,12,APAC,LOW
HMS_Bounty,12,NA,LOW
P_51_D_Mustang,1,Japan,MEDIUM
P_51_D_Mustang,2,APAC,MEDIUM
P_51_D_Mustang,2,APAC,MEDIUM
P_51_D_Mustang,2,EMEA,MEDIUM
P_51_D_Mustang,3,EMEA,LOW
P_51_D_Mustang,3,EMEA,MEDIUM
P_51_D_Mustang,4,APAC,MEDIUM
P_51_D_Mustang,4,NA,LOW
P_51_D_Mustang,4,NA,MEDIUM
P_51_D_Mustang,5,EMEA,LOW
P_51_D_Mustang,5,NA,MEDIUM
P_51_D_Mustang,6,EMEA,MEDIUM
P_51_D_Mustang,6,NA,MEDIUM
P_51_D_Mustang,7,EMEA,MEDIUM
P_51_D_Mustang,8,EMEA,MEDIUM
P_51_D_Mustang,8,NA,MEDIUM
P_51_D_Mustang,9,EMEA,MEDIUM
P_51_D_Mustang,10,NA,LOW
P_51_D_Mustang,10,NA,MEDIUM
P_51_D_Mustang,11,Japan,MEDIUM
P_51_D_Mustang,11,NA,MEDIUM
P_51_D_Mustang,12,NA,MEDIUM
Pont_Yacht,1,EMEA,MEDIUM
Pont_Yacht,1,EMEA,MEDIUM
Pont_Yacht,2,NA,MEDIUM
Pont_Yacht,3,EMEA,LOW
Pont_Yacht,3,EMEA,MEDIUM
Pont_Yacht,3,EMEA,MEDIUM
Pont_Yacht,4,Japan,MEDIUM
Pont_Yacht,5,NA,LOW
Pont_Yacht,5,NA,MEDIUM
Pont_Yacht,6,EMEA,MEDIUM
Pont_Yacht,7,EMEA,MEDIUM
Pont_Yacht,8,NA,MEDIUM
Pont_Yacht,8,NA,MEDIUM
Pont_Yacht,9,EMEA,MEDIUM
Pont_Yacht,9,EMEA,MEDIUM
Pont_Yacht,10,EMEA,MEDIUM
Pont_Yacht,10,EMEA,MEDIUM
Pont_Yacht,11,EMEA,MEDIUM
Pont_Yacht,11,NA,MEDIUM
Pont_Yacht,11,NA,MEDIUM
Pont_Yacht,12,EMEA,LOW
The_Mayflower,1,EMEA,MEDIUM
The_Mayflower,1,Japan,MEDIUM
The_Mayflower,2,EMEA,LOW
The_Mayflower,2,NA,MEDIUM
The_Mayflower,3,EMEA,MEDIUM
The_Mayflower,3,EMEA,MEDIUM
The_Mayflower,4,Japan,MEDIUM
The_Mayflower,5,NA,MEDIUM
The_Mayflower,5,NA,MEDIUM
The_Mayflower,6,EMEA,MEDIUM
The_Mayflower,7,EMEA,LOW
The_Mayflower,8,NA,MEDIUM
The_Mayflower,9,EMEA,MEDIUM
The_Mayflower,9,EMEA,MEDIUM
The_Mayflower,10,EMEA,LOW
The_Mayflower,10,EMEA,MEDIUM
The_Mayflower,10,NA,MEDIUM
The_Mayflower,11,EMEA,MEDIUM
The_Mayflower,11,NA,MEDIUM
The_Mayflower,11,NA,MEDIUM
The_Mayflower,11,NA,MEDIUM
The_Mayflower,12,EMEA,MEDIUM
The_Queen_Mary,1,EMEA,MEDIUM
The_Queen_Mary,1,EMEA,MEDIUM
The_Queen_Mary,2,NA,MEDIUM
The_Queen_Mary,3,EMEA,MEDIUM
The_Queen_Mary,3,EMEA,MEDIUM
The_Queen_Mary,3,EMEA,MEDIUM
The_Queen_Mary,4,Japan,MEDIUM
The_Queen_Mary,5,NA,MEDIUM
The_Queen_Mary,5,NA,MEDIUM
The_Queen_Mary,6,EMEA,MEDIUM
The_Queen_Mary,7,EMEA,MEDIUM
The_Queen_Mary,8,NA,MEDIUM
The_Queen_Mary,9,EMEA,LOW
The_Queen_Mary,9,NA,MEDIUM
The_Queen_Mary,10,EMEA,MEDIUM
The_Queen_Mary,10,EMEA,MEDIUM
The_Queen_Mary,11,EMEA,LOW
The_Queen_Mary,11,NA,LOW
The_Queen_Mary,11,NA,MEDIUM
The_Queen_Mary,12,EMEA,MEDIUM
The_Schooner_Bluenose,1,EMEA,MEDIUM
The_Schooner_Bluenose,1,EMEA,MEDIUM
The_Schooner_Bluenose,2,NA,MEDIUM
The_Schooner_Bluenose,2,NA,MEDIUM
The_Schooner_Bluenose,3,NA,MEDIUM
The_Schooner_Bluenose,3,NA,MEDIUM
The_Schooner_Bluenose,4,EMEA,MEDIUM
The_Schooner_Bluenose,5,NA,MEDIUM
The_Schooner_Bluenose,5,NA,MEDIUM
The_Schooner_Bluenose,6,EMEA,MEDIUM
The_Schooner_Bluenose,7,EMEA,LOW
The_Schooner_Bluenose,8,NA,MEDIUM
The_Schooner_Bluenose,8,NA,MEDIUM
The_Schooner_Bluenose,9,EMEA,MEDIUM
The_Schooner_Bluenose,9,NA,MEDIUM
The_Schooner_Bluenose,10,EMEA,MEDIUM
The_Schooner_Bluenose,10,EMEA,MEDIUM
The_Schooner_Bluenose,11,EMEA,LOW
The_Schooner_Bluenose,11,Japan,LOW
The_Schooner_Bluenose,11,NA,LOW
The_Schooner_Bluenose,12,EMEA,MEDIUM
The_Titanic,1,EMEA,MEDIUM
The_Titanic,1,EMEA,MEDIUM
The_Titanic,2,NA,MEDIUM
The_Titanic,3,EMEA,MEDIUM
The_Titanic,3,EMEA,MEDIUM
The_Titanic,5,NA,MEDIUM
The_Titanic,5,NA,MEDIUM
The_Titanic,6,EMEA,MEDIUM
The_Titanic,7,EMEA,MEDIUM
The_Titanic,8,NA,LOW
The_Titanic,8,NA,LOW
The_Titanic,9,EMEA,MEDIUM
The_Titanic,9,NA,MEDIUM
The_Titanic,10,EMEA,MEDIUM
The_Titanic,10,EMEA,MEDIUM
The_Titanic,11,EMEA,MEDIUM
The_Titanic,11,NA,MEDIUM
The_Titanic,11,NA,MEDIUM
The_Titanic,12,EMEA,MEDIUM
The_USS_Constitution_Ship,1,EMEA,MEDIUM
The_USS_Constitution_Ship,1,EMEA,MEDIUM
The_USS_Constitution_Ship,2,NA,MEDIUM
The_USS_Constitution_Ship,3,EMEA,LOW
The_USS_Constitution_Ship,3,EMEA,MEDIUM
The_USS_Constitution_Ship,3,NA,MEDIUM
The_USS_Constitution_Ship,4,EMEA,MEDIUM
The_USS_Constitution_Ship,5,NA,MEDIUM
The_USS_Constitution_Ship,5,NA,MEDIUM
The_USS_Constitution_Ship,6,EMEA,MEDIUM
The_USS_Constitution_Ship,7,EMEA,MEDIUM
The_USS_Constitution_Ship,8,NA,MEDIUM
The_USS_Constitution_Ship,8,NA,MEDIUM
The_USS_Constitution_Ship,9,NA,MEDIUM
The_USS_Constitution_Ship,10,EMEA,MEDIUM
The_USS_Constitution_Ship,10,NA,MEDIUM
The_USS_Constitution_Ship,11,EMEA,MEDIUM
The_USS_Constitution_Ship,11,EMEA,MEDIUM
The_USS_Constitution_Ship,11,Japan,MEDIUM
The_USS_Constitution_Ship,11,NA,MEDIUM
The_USS_Constitution_Ship,12,EMEA,MEDIUM
