PRODUCTLINE,CUSTOMERNAME,SALES
Classic_Cars,FunGiftIdeas.com,MEDIUM_LOW
Classic_Cars,Land_of_Toys_Inc.,LOW
Classic_Cars,Collectable_Mini_Designs_Co.,MEDIUM_LOW
Classic_Cars,Signal_Gift_Stores,MEDIUM_LOW
Classic_Cars,FunGiftIdeas.com,MEDIUM_LOW
Classic_Cars,Motor_Mint_Distributors_Inc.,LOW
Classic_Cars,Signal_Collectibles_Ltd.,MEDIUM_HIGH
Classic_Cars,Mini_Gifts_Distributors_Ltd.,MEDIUM_HIGH
Classic_Cars,FunGiftIdeas.com,LOW
Classic_Cars,Mini_Gifts_Distributors_Ltd.,MEDIUM_LOW
Classic_Cars,Marta_s_Replicas_Co.,MEDIUM_LOW
Classic_Cars,Vitachrome_Inc.,MEDIUM_HIGH
Classic_Cars,Muscle_Machine_Inc,MEDIUM_HIGH
Classic_Cars,Classic_Legends_Inc.,MEDIUM_LOW
Classic_Cars,Vitachrome_Inc.,MEDIUM_LOW
Classic_Cars,Land_of_Toys_Inc.,MEDIUM_HIGH
Classic_Cars,Mini_Gifts_Distributors_Ltd.,MEDIUM_LOW
Classic_Cars,Land_of_Toys_Inc.,MEDIUM_LOW
Classic_Cars,Signal_Gift_Stores,LOW
Classic_Cars,Diecast_Classics_Inc.,MEDIUM_LOW
Classic_Cars,Muscle_Machine_Inc,MEDIUM_LOW
Classic_Cars,Mini_Gifts_Distributors_Ltd.,MEDIUM_LOW
Classic_Cars,Marta_s_Replicas_Co.,MEDIUM_LOW
Classic_Cars,Motor_Mint_Distributors_Inc.,MEDIUM_HIGH
Classic_Cars,Muscle_Machine_Inc,MEDIUM_LOW
Classic_Cars,Signal_Gift_Stores,LOW
Classic_Cars,Signal_Gift_Stores,LOW
Classic_Cars,FunGiftIdeas.com,LOW
Classic_Cars,Motor_Mint_Distributors_Inc.,LOW
Classic_Cars,FunGiftIdeas.com,MEDIUM_LOW
Classic_Cars,Muscle_Machine_Inc,MEDIUM_LOW
Classic_Cars,Collectable_Mini_Designs_Co.,MEDIUM_LOW
Classic_Cars,Signal_Gift_Stores,LOW
Classic_Cars,FunGiftIdeas.com,MEDIUM_LOW
Classic_Cars,Motor_Mint_Distributors_Inc.,MEDIUM_LOW
Classic_Cars,Canadian_Gift_Exchange_Network,LOW
Classic_Cars,Diecast_Classics_Inc.,LOW
Classic_Cars,Super_Scale_Inc.,MEDIUM_LOW
Classic_Cars,Vitachrome_Inc.,MEDIUM_LOW
Classic_Cars,Signal_Gift_Stores,MEDIUM_LOW
Classic_Cars,Signal_Gift_Stores,MEDIUM_LOW
Classic_Cars,Motor_Mint_Distributors_Inc.,LOW
Classic_Cars,Land_of_Toys_Inc.,LOW
Classic_Cars,Collectable_Mini_Designs_Co.,MEDIUM_LOW
Classic_Cars,Signal_Gift_Stores,MEDIUM_LOW
Classic_Cars,FunGiftIdeas.com,LOW
Classic_Cars,Motor_Mint_Distributors_Inc.,LOW
Classic_Cars,Diecast_Classics_Inc.,MEDIUM_LOW
Classic_Cars,Signal_Gift_Stores,MEDIUM_HIGH
Classic_Cars,Marta_s_Replicas_Co.,MEDIUM_HIGH
Classic_Cars,Mini_Gifts_Distributors_Ltd.,MEDIUM_LOW
Classic_Cars,Mini_Gifts_Distributors_Ltd.,LOW
Classic_Cars,Mini_Gifts_Distributors_Ltd.,MEDIUM_LOW
Classic_Cars,Motor_Mint_Distributors_Inc.,MEDIUM_LOW
Classic_Cars,Microscale_Inc.,MEDIUM_LOW
Classic_Cars,Online_Mini_Collectables,MEDIUM_LOW
Classic_Cars,Gifts4AllAges.com,MEDIUM_LOW
Classic_Cars,Land_of_Toys_Inc.,MEDIUM_LOW
Classic_Cars,Mini_Gifts_Distributors_Ltd.,MEDIUM_LOW
Classic_Cars,Canadian_Gift_Exchange_Network,MEDIUM_LOW
Classic_Cars,Online_Mini_Collectables,LOW
Classic_Cars,FunGiftIdeas.com,MEDIUM_LOW
Classic_Cars,Motor_Mint_Distributors_Inc.,MEDIUM_LOW
Classic_Cars,Collectable_Mini_Designs_Co.,MEDIUM_LOW
Classic_Cars,Motor_Mint_Distributors_Inc.,LOW
Classic_Cars,FunGiftIdeas.com,MEDIUM_LOW
Classic_Cars,Signal_Gift_Stores,MEDIUM_LOW
Classic_Cars,Collectable_Mini_Designs_Co.,MEDIUM_HIGH
Classic_Cars,Online_Mini_Collectables,MEDIUM_LOW
Classic_Cars,Muscle_Machine_Inc,MEDIUM_LOW
Classic_Cars,Vitachrome_Inc.,MEDIUM_LOW
Classic_Cars,FunGiftIdeas.com,LOW
Classic_Cars,Signal_Gift_Stores,MEDIUM_LOW
Classic_Cars,FunGiftIdeas.com,MEDIUM_LOW
Classic_Cars,Land_of_Toys_Inc.,LOW
Classic_Cars,Microscale_Inc.,MEDIUM_LOW
Classic_Cars,Online_Mini_Collectables,LOW
Classic_Cars,Motor_Mint_Distributors_Inc.,MEDIUM_LOW
Classic_Cars,Muscle_Machine_Inc,MEDIUM_HIGH
Classic_Cars,Signal_Gift_Stores,LOW
Classic_Cars,Muscle_Machine_Inc,LOW
Classic_Cars,Muscle_Machine_Inc,MEDIUM_LOW
Classic_Cars,Vitachrome_Inc.,MEDIUM_LOW
Classic_Cars,Mini_Gifts_Distributors_Ltd.,MEDIUM_HIGH
Classic_Cars,Diecast_Classics_Inc.,MEDIUM_LOW
Classic_Cars,Land_of_Toys_Inc.,LOW
Classic_Cars,Online_Mini_Collectables,HIGH
Classic_Cars,Mini_Gifts_Distributors_Ltd.,MEDIUM_LOW
Classic_Cars,Mini_Gifts_Distributors_Ltd.,LOW
Classic_Cars,Canadian_Gift_Exchange_Network,MEDIUM_HIGH
Classic_Cars,Marta_s_Replicas_Co.,MEDIUM_HIGH
Classic_Cars,Diecast_Classics_Inc.,MEDIUM_HIGH
Classic_Cars,Super_Scale_Inc.,MEDIUM_LOW
Classic_Cars,Mini_Gifts_Distributors_Ltd.,MEDIUM_HIGH
Classic_Cars,Classic_Legends_Inc.,LOW
Classic_Cars,Classic_Gift_Ideas_Inc,LOW
Classic_Cars,Gifts4AllAges.com,MEDIUM_LOW
Classic_Cars,Royal_Canadian_Collectables_Ltd.,LOW
Classic_Cars,Signal_Gift_Stores,LOW
Classic_Cars,Land_of_Toys_Inc.,LOW
Classic_Cars,FunGiftIdeas.com,LOW
Classic_Cars,Land_of_Toys_Inc.,LOW
Classic_Cars,Diecast_Classics_Inc.,LOW
Classic_Cars,Mini_Gifts_Distributors_Ltd.,LOW
Classic_Cars,Mini_Gifts_Distributors_Ltd.,LOW
Classic_Cars,Signal_Collectibles_Ltd.,LOW
Classic_Cars,Signal_Gift_Stores,LOW
Classic_Cars,FunGiftIdeas.com,LOW
Classic_Cars,Mini_Gifts_Distributors_Ltd.,MEDIUM_LOW
Classic_Cars,Online_Diecast_Creations_Co.,MEDIUM_LOW
Classic_Cars,Mini_Gifts_Distributors_Ltd.,HIGH
Classic_Cars,Super_Scale_Inc.,MEDIUM_LOW
Classic_Cars,Cambridge_Collectables_Co.,MEDIUM_HIGH
Classic_Cars,West_Coast_Collectables_Co.,MEDIUM_LOW
Classic_Cars,Muscle_Machine_Inc,MEDIUM_LOW
Classic_Cars,Collectable_Mini_Designs_Co.,MEDIUM_LOW
Classic_Cars,Men__R__US_Retailers_Ltd.,MEDIUM_LOW
Classic_Cars,Online_Diecast_Creations_Co.,LOW
Classic_Cars,Collectable_Mini_Designs_Co.,LOW
Classic_Cars,Muscle_Machine_Inc,MEDIUM_LOW
Classic_Cars,Online_Mini_Collectables,MEDIUM_LOW
Classic_Cars,Land_of_Toys_Inc.,MEDIUM_LOW
Classic_Cars,Mini_Wheels_Co.,LOW
Classic_Cars,Mini_Gifts_Distributors_Ltd.,LOW
Classic_Cars,Mini_Gifts_Distributors_Ltd.,LOW
Classic_Cars,FunGiftIdeas.com,LOW
Classic_Cars,Mini_Gifts_Distributors_Ltd.,MEDIUM_LOW
Classic_Cars,Muscle_Machine_Inc,MEDIUM_LOW
Classic_Cars,Muscle_Machine_Inc,LOW
Classic_Cars,Microscale_Inc.,MEDIUM_HIGH
Classic_Cars,FunGiftIdeas.com,LOW
Classic_Cars,Land_of_Toys_Inc.,LOW
Classic_Cars,Online_Mini_Collectables,MEDIUM_LOW
Classic_Cars,Gifts4AllAges.com,LOW
Classic_Cars,Marta_s_Replicas_Co.,LOW
Classic_Cars,Collectable_Mini_Designs_Co.,LOW
Classic_Cars,Diecast_Classics_Inc.,MEDIUM_HIGH
Classic_Cars,Land_of_Toys_Inc.,LOW
Classic_Cars,Online_Mini_Collectables,MEDIUM_LOW
Classic_Cars,Vitachrome_Inc.,LOW
Classic_Cars,Mini_Gifts_Distributors_Ltd.,MEDIUM_LOW
Classic_Cars,Diecast_Classics_Inc.,MEDIUM_LOW
Classic_Cars,Marta_s_Replicas_Co.,LOW
Classic_Cars,Vitachrome_Inc.,LOW
Classic_Cars,Muscle_Machine_Inc,LOW
Classic_Cars,Land_of_Toys_Inc.,MEDIUM_LOW
Motorcycles,Online_Mini_Collectables,MEDIUM_LOW
Motorcycles,Marta_s_Replicas_Co.,LOW
Motorcycles,Microscale_Inc.,LOW
Motorcycles,Land_of_Toys_Inc.,LOW
Motorcycles,Land_of_Toys_Inc.,MEDIUM_LOW
Motorcycles,Diecast_Classics_Inc.,MEDIUM_HIGH
Motorcycles,Marta_s_Replicas_Co.,MEDIUM_LOW
Motorcycles,Gift_Depot_Inc.,MEDIUM_LOW
Motorcycles,Tekni_Collectables_Inc.,LOW
Motorcycles,Vitachrome_Inc.,LOW
Motorcycles,Mini_Classics,LOW
Motorcycles,Diecast_Classics_Inc.,LOW
Motorcycles,Marta_s_Replicas_Co.,LOW
Motorcycles,Gift_Depot_Inc.,LOW
Motorcycles,The_Sharp_Gifts_Warehouse,LOW
Motorcycles,Motor_Mint_Distributors_Inc.,MEDIUM_LOW
Motorcycles,Online_Mini_Collectables,LOW
Motorcycles,Gifts4AllAges.com,LOW
Motorcycles,Vitachrome_Inc.,LOW
Motorcycles,Microscale_Inc.,LOW
Motorcycles,Vitachrome_Inc.,LOW
Motorcycles,Marta_s_Replicas_Co.,LOW
Motorcycles,Vitachrome_Inc.,LOW
Motorcycles,Online_Mini_Collectables,MEDIUM_LOW
Motorcycles,Marta_s_Replicas_Co.,LOW
Motorcycles,Motor_Mint_Distributors_Inc.,MEDIUM_LOW
Motorcycles,Vitachrome_Inc.,LOW
Motorcycles,Gifts4AllAges.com,MEDIUM_LOW
Motorcycles,Online_Mini_Collectables,LOW
Motorcycles,Marta_s_Replicas_Co.,LOW
Motorcycles,Microscale_Inc.,MEDIUM_LOW
Motorcycles,Motor_Mint_Distributors_Inc.,MEDIUM_LOW
Motorcycles,Marta_s_Replicas_Co.,MEDIUM_HIGH
Motorcycles,Mini_Classics,MEDIUM_LOW
Motorcycles,Diecast_Classics_Inc.,MEDIUM_LOW
Motorcycles,Land_of_Toys_Inc.,MEDIUM_LOW
Motorcycles,Gifts4AllAges.com,MEDIUM_LOW
Motorcycles,Vitachrome_Inc.,MEDIUM_HIGH
Motorcycles,Gift_Depot_Inc.,MEDIUM_HIGH
Motorcycles,Marta_s_Replicas_Co.,MEDIUM_LOW
Motorcycles,Mini_Classics,MEDIUM_LOW
Motorcycles,Diecast_Classics_Inc.,MEDIUM_HIGH
Motorcycles,Land_of_Toys_Inc.,MEDIUM_LOW
Motorcycles,Vitachrome_Inc.,MEDIUM_LOW
Motorcycles,Tekni_Collectables_Inc.,MEDIUM_HIGH
Motorcycles,Gift_Depot_Inc.,MEDIUM_HIGH
Motorcycles,Online_Mini_Collectables,MEDIUM_LOW
Motorcycles,Marta_s_Replicas_Co.,MEDIUM_HIGH
Motorcycles,Microscale_Inc.,MEDIUM_LOW
Motorcycles,Land_of_Toys_Inc.,MEDIUM_LOW
Motorcycles,Tekni_Collectables_Inc.,MEDIUM_HIGH
Motorcycles,Vitachrome_Inc.,LOW
Motorcycles,Microscale_Inc.,LOW
Motorcycles,Microscale_Inc.,LOW
Motorcycles,Tekni_Collectables_Inc.,MEDIUM_LOW
Motorcycles,Gift_Depot_Inc.,MEDIUM_LOW
Motorcycles,Marta_s_Replicas_Co.,MEDIUM_LOW
Motorcycles,Diecast_Classics_Inc.,MEDIUM_LOW
Motorcycles,Royal_Canadian_Collectables_Ltd.,MEDIUM_LOW
Motorcycles,The_Sharp_Gifts_Warehouse,MEDIUM_LOW
Motorcycles,Land_of_Toys_Inc.,MEDIUM_LOW
Motorcycles,Motor_Mint_Distributors_Inc.,LOW
Motorcycles,Tekni_Collectables_Inc.,MEDIUM_LOW
Motorcycles,Gift_Depot_Inc.,LOW
Motorcycles,Motor_Mint_Distributors_Inc.,MEDIUM_LOW
Motorcycles,Mini_Classics,LOW
Motorcycles,Diecast_Classics_Inc.,MEDIUM_LOW
Motorcycles,Land_of_Toys_Inc.,LOW
Motorcycles,Marta_s_Replicas_Co.,MEDIUM_LOW
Motorcycles,Land_of_Toys_Inc.,MEDIUM_LOW
Motorcycles,Gifts4AllAges.com,LOW
Motorcycles,Online_Mini_Collectables,LOW
Motorcycles,Gifts4AllAges.com,LOW
Motorcycles,Vitachrome_Inc.,LOW
Motorcycles,Motor_Mint_Distributors_Inc.,LOW
Motorcycles,Gift_Ideas_Corp.,MEDIUM_LOW
Motorcycles,Tekni_Collectables_Inc.,LOW
Motorcycles,Gift_Depot_Inc.,MEDIUM_LOW
Motorcycles,Gift_Depot_Inc.,LOW
Motorcycles,Marta_s_Replicas_Co.,LOW
Motorcycles,Mini_Classics,LOW
Motorcycles,Diecast_Classics_Inc.,LOW
Planes,Land_of_Toys_Inc.,MEDIUM_LOW
Planes,Classic_Gift_Ideas_Inc,LOW
Planes,Men__R__US_Retailers_Ltd.,MEDIUM_LOW
Planes,Collectable_Mini_Designs_Co.,LOW
Planes,Royal_Canadian_Collectables_Ltd.,LOW
Planes,Collectables_For_Less_Inc.,LOW
Planes,Cambridge_Collectables_Co.,LOW
Planes,Auto_Moto_Classics_Inc.,LOW
Planes,Auto_Moto_Classics_Inc.,LOW
Planes,Mini_Classics,LOW
Planes,Gift_Depot_Inc.,MEDIUM_LOW
Planes,Royal_Canadian_Collectables_Ltd.,LOW
Planes,Royal_Canadian_Collectables_Ltd.,MEDIUM_LOW
Planes,Mini_Classics,MEDIUM_LOW
Planes,Technics_Stores_Inc.,LOW
Planes,Gift_Ideas_Corp.,MEDIUM_LOW
Planes,Mini_Classics,MEDIUM_LOW
Planes,The_Sharp_Gifts_Warehouse,LOW
Planes,Royal_Canadian_Collectables_Ltd.,LOW
Planes,Collectable_Mini_Designs_Co.,LOW
Planes,Royal_Canadian_Collectables_Ltd.,LOW
Planes,The_Sharp_Gifts_Warehouse,LOW
Planes,Mini_Classics,LOW
Planes,Gift_Ideas_Corp.,MEDIUM_LOW
Planes,Collectable_Mini_Designs_Co.,MEDIUM_LOW
Planes,Royal_Canadian_Collectables_Ltd.,MEDIUM_LOW
Planes,The_Sharp_Gifts_Warehouse,MEDIUM_LOW
Planes,Mini_Classics,LOW
Planes,The_Sharp_Gifts_Warehouse,LOW
Planes,Auto_Moto_Classics_Inc.,MEDIUM_LOW
Planes,The_Sharp_Gifts_Warehouse,MEDIUM_LOW
Planes,Gift_Depot_Inc.,LOW
Planes,Marta_s_Replicas_Co.,MEDIUM_LOW
Planes,Mini_Classics,MEDIUM_LOW
Planes,Diecast_Classics_Inc.,MEDIUM_HIGH
Planes,Classic_Gift_Ideas_Inc,LOW
Planes,Collectables_For_Less_Inc.,LOW
Planes,Cambridge_Collectables_Co.,LOW
Planes,Collectable_Mini_Designs_Co.,LOW
Planes,Gift_Ideas_Corp.,MEDIUM_LOW
Planes,Royal_Canadian_Collectables_Ltd.,LOW
Planes,The_Sharp_Gifts_Warehouse,LOW
Planes,Mini_Classics,LOW
Planes,Gift_Ideas_Corp.,MEDIUM_LOW
Planes,Collectable_Mini_Designs_Co.,MEDIUM_LOW
Planes,Royal_Canadian_Collectables_Ltd.,LOW
Planes,The_Sharp_Gifts_Warehouse,LOW
Planes,Royal_Canadian_Collectables_Ltd.,LOW
Planes,Men__R__US_Retailers_Ltd.,LOW
Planes,Collectables_For_Less_Inc.,MEDIUM_HIGH
Planes,Gift_Ideas_Corp.,MEDIUM_LOW
Planes,Classic_Gift_Ideas_Inc,MEDIUM_HIGH
Planes,The_Sharp_Gifts_Warehouse,LOW
Planes,Mini_Classics,MEDIUM_LOW
Planes,Gift_Ideas_Corp.,LOW
Planes,The_Sharp_Gifts_Warehouse,MEDIUM_HIGH
Planes,Diecast_Classics_Inc.,LOW
Planes,Collectable_Mini_Designs_Co.,MEDIUM_HIGH
Planes,Mini_Classics,LOW
Planes,Gift_Depot_Inc.,LOW
Planes,The_Sharp_Gifts_Warehouse,LOW
Planes,Royal_Canadian_Collectables_Ltd.,LOW
Ships,Collectable_Mini_Designs_Co.,MEDIUM_LOW
Ships,Land_of_Toys_Inc.,MEDIUM_LOW
Ships,Land_of_Toys_Inc.,MEDIUM_LOW
Ships,Mini_Gifts_Distributors_Ltd.,MEDIUM_LOW
Ships,Classic_Legends_Inc.,LOW
Ships,Royal_Canadian_Collectables_Ltd.,LOW
Ships,Gifts4AllAges.com,MEDIUM_LOW
Ships,Classic_Gift_Ideas_Inc,LOW
Ships,Gifts4AllAges.com,LOW
Ships,Royal_Canadian_Collectables_Ltd.,LOW
Ships,Classic_Legends_Inc.,LOW
Ships,Land_of_Toys_Inc.,LOW
Ships,Tekni_Collectables_Inc.,LOW
Ships,Collectable_Mini_Designs_Co.,LOW
Ships,Cambridge_Collectables_Co.,MEDIUM_LOW
Ships,Collectable_Mini_Designs_Co.,LOW
Ships,Collectables_For_Less_Inc.,LOW
Ships,Royal_Canadian_Collectables_Ltd.,LOW
Ships,Gifts4AllAges.com,LOW
Ships,Collectable_Mini_Designs_Co.,LOW
Ships,Land_of_Toys_Inc.,MEDIUM_LOW
Ships,Royal_Canadian_Collectables_Ltd.,LOW
Ships,Online_Mini_Collectables,MEDIUM_LOW
Ships,Men__R__US_Retailers_Ltd.,LOW
Ships,Classic_Legends_Inc.,LOW
Ships,Royal_Canadian_Collectables_Ltd.,MEDIUM_LOW
Ships,Land_of_Toys_Inc.,MEDIUM_HIGH
Ships,Classic_Legends_Inc.,MEDIUM_LOW
Ships,Royal_Canadian_Collectables_Ltd.,LOW
Ships,Men__R__US_Retailers_Ltd.,LOW
Ships,Land_of_Toys_Inc.,LOW
Ships,Collectable_Mini_Designs_Co.,LOW
Ships,Royal_Canadian_Collectables_Ltd.,MEDIUM_LOW
Ships,Classic_Gift_Ideas_Inc,MEDIUM_LOW
Ships,Collectable_Mini_Designs_Co.,LOW
Ships,Tekni_Collectables_Inc.,LOW
Ships,Land_of_Toys_Inc.,LOW
Ships,Royal_Canadian_Collectables_Ltd.,MEDIUM_LOW
Ships,Collectable_Mini_Designs_Co.,MEDIUM_LOW
Ships,Land_of_Toys_Inc.,LOW
Ships,Auto_Moto_Classics_Inc.,LOW
Ships,Classic_Legends_Inc.,LOW
Trains,Land_of_Toys_Inc.,LOW
Trains,Classic_Legends_Inc.,LOW
Trains,Land_of_Toys_Inc.,LOW
Trains,Mini_Gifts_Distributors_Ltd.,LOW
Trains,Diecast_Classics_Inc.,LOW
Trains,Land_of_Toys_Inc.,MEDIUM_LOW
Trains,Diecast_Classics_Inc.,LOW
Trains,Mini_Gifts_Distributors_Ltd.,LOW
Trains,Mini_Gifts_Distributors_Ltd.,MEDIUM_LOW
Trucks_and_Buses,Mini_Gifts_Distributors_Ltd.,MEDIUM_LOW
Trucks_and_Buses,Mini_Gifts_Distributors_Ltd.,MEDIUM_LOW
Trucks_and_Buses,Mini_Gifts_Distributors_Ltd.,LOW
Trucks_and_Buses,Diecast_Classics_Inc.,LOW
Trucks_and_Buses,Marta_s_Replicas_Co.,LOW
Trucks_and_Buses,Canadian_Gift_Exchange_Network,LOW
Trucks_and_Buses,Online_Diecast_Creations_Co.,LOW
Trucks_and_Buses,Mini_Gifts_Distributors_Ltd.,LOW
Trucks_and_Buses,Canadian_Gift_Exchange_Network,LOW
Trucks_and_Buses,Diecast_Classics_Inc.,LOW
Trucks_and_Buses,Super_Scale_Inc.,MEDIUM_LOW
Trucks_and_Buses,Mini_Wheels_Co.,MEDIUM_LOW
Trucks_and_Buses,Mini_Wheels_Co.,LOW
Trucks_and_Buses,Mini_Gifts_Distributors_Ltd.,MEDIUM_LOW
Trucks_and_Buses,Vitachrome_Inc.,MEDIUM_HIGH
Trucks_and_Buses,Canadian_Gift_Exchange_Network,LOW
Trucks_and_Buses,Diecast_Classics_Inc.,LOW
Trucks_and_Buses,Mini_Gifts_Distributors_Ltd.,MEDIUM_LOW
Trucks_and_Buses,Mini_Gifts_Distributors_Ltd.,LOW
Trucks_and_Buses,Mini_Wheels_Co.,LOW
Trucks_and_Buses,Land_of_Toys_Inc.,MEDIUM_LOW
Trucks_and_Buses,Marta_s_Replicas_Co.,MEDIUM_LOW
Trucks_and_Buses,Online_Diecast_Creations_Co.,MEDIUM_LOW
Trucks_and_Buses,Mini_Gifts_Distributors_Ltd.,MEDIUM_LOW
Trucks_and_Buses,Signal_Collectibles_Ltd.,MEDIUM_LOW
Trucks_and_Buses,Mini_Gifts_Distributors_Ltd.,MEDIUM_LOW
Trucks_and_Buses,Online_Diecast_Creations_Co.,LOW
Trucks_and_Buses,Mini_Gifts_Distributors_Ltd.,MEDIUM_LOW
Trucks_and_Buses,Diecast_Classics_Inc.,MEDIUM_LOW
Trucks_and_Buses,Land_of_Toys_Inc.,MEDIUM_LOW
Trucks_and_Buses,Marta_s_Replicas_Co.,MEDIUM_LOW
Trucks_and_Buses,Canadian_Gift_Exchange_Network,MEDIUM_LOW
Trucks_and_Buses,Super_Scale_Inc.,MEDIUM_LOW
Trucks_and_Buses,Cambridge_Collectables_Co.,MEDIUM_LOW
Trucks_and_Buses,Mini_Gifts_Distributors_Ltd.,MEDIUM_LOW
Trucks_and_Buses,West_Coast_Collectables_Co.,MEDIUM_LOW
Trucks_and_Buses,Vitachrome_Inc.,LOW
Trucks_and_Buses,Marta_s_Replicas_Co.,MEDIUM_LOW
Trucks_and_Buses,Land_of_Toys_Inc.,LOW
Trucks_and_Buses,Diecast_Classics_Inc.,MEDIUM_LOW
Trucks_and_Buses,Mini_Gifts_Distributors_Ltd.,LOW
Trucks_and_Buses,Vitachrome_Inc.,LOW
Trucks_and_Buses,Muscle_Machine_Inc,MEDIUM_LOW
Trucks_and_Buses,Mini_Gifts_Distributors_Ltd.,LOW
Trucks_and_Buses,Mini_Gifts_Distributors_Ltd.,MEDIUM_LOW
Trucks_and_Buses,Muscle_Machine_Inc,MEDIUM_LOW
Trucks_and_Buses,Mini_Gifts_Distributors_Ltd.,MEDIUM_LOW
Trucks_and_Buses,Muscle_Machine_Inc,LOW
Trucks_and_Buses,Super_Scale_Inc.,LOW
Trucks_and_Buses,Canadian_Gift_Exchange_Network,LOW
Trucks_and_Buses,Canadian_Gift_Exchange_Network,LOW
Trucks_and_Buses,Marta_s_Replicas_Co.,MEDIUM_LOW
Trucks_and_Buses,Diecast_Classics_Inc.,LOW
Trucks_and_Buses,Super_Scale_Inc.,MEDIUM_LOW
Trucks_and_Buses,Mini_Gifts_Distributors_Ltd.,LOW
Trucks_and_Buses,Mini_Gifts_Distributors_Ltd.,LOW
Trucks_and_Buses,Mini_Gifts_Distributors_Ltd.,MEDIUM_LOW
Trucks_and_Buses,Vitachrome_Inc.,LOW
Trucks_and_Buses,Super_Scale_Inc.,LOW
Trucks_and_Buses,Marta_s_Replicas_Co.,LOW
Trucks_and_Buses,Canadian_Gift_Exchange_Network,LOW
Trucks_and_Buses,Mini_Gifts_Distributors_Ltd.,MEDIUM_LOW
Trucks_and_Buses,Mini_Gifts_Distributors_Ltd.,MEDIUM_LOW
Trucks_and_Buses,Vitachrome_Inc.,MEDIUM_LOW
Trucks_and_Buses,Canadian_Gift_Exchange_Network,MEDIUM_LOW
Trucks_and_Buses,Marta_s_Replicas_Co.,MEDIUM_LOW
Trucks_and_Buses,Diecast_Classics_Inc.,LOW
Trucks_and_Buses,Mini_Gifts_Distributors_Ltd.,MEDIUM_LOW
Trucks_and_Buses,Diecast_Classics_Inc.,LOW
Trucks_and_Buses,Signal_Collectibles_Ltd.,LOW
Trucks_and_Buses,Marta_s_Replicas_Co.,LOW
Trucks_and_Buses,Mini_Gifts_Distributors_Ltd.,LOW
Trucks_and_Buses,Land_of_Toys_Inc.,LOW
Trucks_and_Buses,Diecast_Classics_Inc.,LOW
Trucks_and_Buses,Mini_Gifts_Distributors_Ltd.,LOW
Vintage_Cars,Classic_Legends_Inc.,MEDIUM_LOW
Vintage_Cars,Collectable_Mini_Designs_Co.,MEDIUM_LOW
Vintage_Cars,Tekni_Collectables_Inc.,MEDIUM_LOW
Vintage_Cars,Land_of_Toys_Inc.,LOW
Vintage_Cars,Royal_Canadian_Collectables_Ltd.,MEDIUM_LOW
Vintage_Cars,Gifts4AllAges.com,MEDIUM_LOW
Vintage_Cars,Royal_Canadian_Collectables_Ltd.,MEDIUM_LOW
Vintage_Cars,Land_of_Toys_Inc.,MEDIUM_LOW
Vintage_Cars,Classic_Gift_Ideas_Inc,MEDIUM_LOW
Vintage_Cars,Cambridge_Collectables_Co.,MEDIUM_LOW
Vintage_Cars,Gift_Ideas_Corp.,LOW
Vintage_Cars,Collectable_Mini_Designs_Co.,LOW
Vintage_Cars,Cambridge_Collectables_Co.,LOW
Vintage_Cars,Collectables_For_Less_Inc.,LOW
Vintage_Cars,Classic_Gift_Ideas_Inc,LOW
Vintage_Cars,Collectable_Mini_Designs_Co.,MEDIUM_LOW
Vintage_Cars,Mini_Gifts_Distributors_Ltd.,LOW
Vintage_Cars,West_Coast_Collectables_Co.,LOW
Vintage_Cars,Mini_Gifts_Distributors_Ltd.,MEDIUM_LOW
Vintage_Cars,Royal_Canadian_Collectables_Ltd.,MEDIUM_LOW
Vintage_Cars,Mini_Classics,LOW
Vintage_Cars,Gift_Ideas_Corp.,MEDIUM_LOW
Vintage_Cars,Royal_Canadian_Collectables_Ltd.,LOW
Vintage_Cars,Mini_Wheels_Co.,MEDIUM_LOW
Vintage_Cars,Men__R__US_Retailers_Ltd.,LOW
Vintage_Cars,Men__R__US_Retailers_Ltd.,LOW
Vintage_Cars,Mini_Wheels_Co.,LOW
Vintage_Cars,Men__R__US_Retailers_Ltd.,LOW
Vintage_Cars,Mini_Wheels_Co.,HIGH
Vintage_Cars,Mini_Wheels_Co.,LOW
Vintage_Cars,Online_Diecast_Creations_Co.,MEDIUM_LOW
Vintage_Cars,Mini_Gifts_Distributors_Ltd.,LOW
Vintage_Cars,The_Sharp_Gifts_Warehouse,LOW
Vintage_Cars,Online_Diecast_Creations_Co.,LOW
Vintage_Cars,Diecast_Collectables,LOW
Vintage_Cars,Vitachrome_Inc.,MEDIUM_HIGH
Vintage_Cars,Mini_Gifts_Distributors_Ltd.,LOW
Vintage_Cars,Diecast_Classics_Inc.,LOW
Vintage_Cars,Super_Scale_Inc.,LOW
Vintage_Cars,Mini_Gifts_Distributors_Ltd.,LOW
Vintage_Cars,West_Coast_Collectables_Co.,LOW
Vintage_Cars,Online_Diecast_Creations_Co.,MEDIUM_LOW
Vintage_Cars,Mini_Gifts_Distributors_Ltd.,LOW
Vintage_Cars,Mini_Classics,LOW
Vintage_Cars,Signal_Gift_Stores,LOW
Vintage_Cars,Mini_Gifts_Distributors_Ltd.,LOW
Vintage_Cars,Auto_Moto_Classics_Inc.,MEDIUM_LOW
Vintage_Cars,Mini_Gifts_Distributors_Ltd.,MEDIUM_LOW
Vintage_Cars,Vitachrome_Inc.,MEDIUM_LOW
Vintage_Cars,Mini_Gifts_Distributors_Ltd.,MEDIUM_LOW
Vintage_Cars,Online_Diecast_Creations_Co.,LOW
Vintage_Cars,Mini_Gifts_Distributors_Ltd.,LOW
Vintage_Cars,The_Sharp_Gifts_Warehouse,LOW
Vintage_Cars,Cambridge_Collectables_Co.,LOW
Vintage_Cars,West_Coast_Collectables_Co.,LOW
Vintage_Cars,Diecast_Collectables,MEDIUM_LOW
Vintage_Cars,The_Sharp_Gifts_Warehouse,MEDIUM_LOW
Vintage_Cars,Mini_Gifts_Distributors_Ltd.,MEDIUM_LOW
Vintage_Cars,Online_Diecast_Creations_Co.,MEDIUM_LOW
Vintage_Cars,West_Coast_Collectables_Co.,MEDIUM_LOW
Vintage_Cars,Cambridge_Collectables_Co.,LOW
Vintage_Cars,The_Sharp_Gifts_Warehouse,MEDIUM_LOW
Vintage_Cars,Mini_Gifts_Distributors_Ltd.,MEDIUM_LOW
Vintage_Cars,Royal_Canadian_Collectables_Ltd.,LOW
Vintage_Cars,The_Sharp_Gifts_Warehouse,LOW
Vintage_Cars,Mini_Gifts_Distributors_Ltd.,MEDIUM_LOW
Vintage_Cars,Online_Diecast_Creations_Co.,MEDIUM_LOW
Vintage_Cars,Online_Diecast_Creations_Co.,HIGH
Vintage_Cars,Cambridge_Collectables_Co.,MEDIUM_LOW
Vintage_Cars,West_Coast_Collectables_Co.,LOW
Vintage_Cars,West_Coast_Collectables_Co.,MEDIUM_LOW
Vintage_Cars,Cambridge_Collectables_Co.,MEDIUM_LOW
Vintage_Cars,Online_Diecast_Creations_Co.,LOW
Vintage_Cars,Mini_Gifts_Distributors_Ltd.,MEDIUM_LOW
Vintage_Cars,Auto_Moto_Classics_Inc.,LOW
Vintage_Cars,Collectable_Mini_Designs_Co.,MEDIUM_LOW
Vintage_Cars,Land_of_Toys_Inc.,LOW
Vintage_Cars,Royal_Canadian_Collectables_Ltd.,LOW
Vintage_Cars,Classic_Gift_Ideas_Inc,LOW
Vintage_Cars,Mini_Gifts_Distributors_Ltd.,MEDIUM_LOW
Vintage_Cars,West_Coast_Collectables_Co.,MEDIUM_LOW
Vintage_Cars,Mini_Gifts_Distributors_Ltd.,MEDIUM_HIGH
Vintage_Cars,West_Coast_Collectables_Co.,MEDIUM_LOW
Vintage_Cars,Mini_Gifts_Distributors_Ltd.,MEDIUM_HIGH
Vintage_Cars,Mini_Gifts_Distributors_Ltd.,LOW
Vintage_Cars,Land_of_Toys_Inc.,MEDIUM_LOW
Vintage_Cars,Mini_Gifts_Distributors_Ltd.,MEDIUM_LOW
Vintage_Cars,Microscale_Inc.,LOW
Vintage_Cars,Mini_Gifts_Distributors_Ltd.,LOW
Vintage_Cars,Signal_Gift_Stores,LOW
Vintage_Cars,Online_Diecast_Creations_Co.,LOW
Vintage_Cars,Mini_Gifts_Distributors_Ltd.,MEDIUM_LOW
Vintage_Cars,The_Sharp_Gifts_Warehouse,MEDIUM_LOW
Vintage_Cars,Motor_Mint_Distributors_Inc.,MEDIUM_LOW
Vintage_Cars,The_Sharp_Gifts_Warehouse,LOW
